timeStamp,elapsed,label,responseCode,responseMessage,threadName,dataType,success,failureMessage,bytes,sentBytes,grpThreads,allThreads,URL,Latency,IdleTime,Connect
1655466245554,369,Register,200,OK,Workers 1-1,text,true,,2333,586,38,102,http://localhost/register,369,0,1
1655466245571,356,Register,200,OK,Workers 1-3,text,true,,2332,606,38,102,http://localhost/register,356,0,1
1655466245581,438,Register,200,OK,Workers 1-4,text,true,,2333,614,47,135,http://localhost/register,438,0,1
1655466245923,485,Login,200,OK,Workers 1-1,text,true,,3192,814,86,233,http://localhost/login,485,0,0
1655466245592,897,Register,200,OK,Workers 1-5,text,true,,2333,594,94,261,http://localhost/register,897,0,0
1655466245673,854,Register,200,OK,Workers 1-13,text,true,,2332,623,98,278,http://localhost/register,854,0,1
1655466245606,995,Register,200,OK,Workers 1-6,text,true,,2333,606,100,298,http://localhost/register,995,0,1
1655466245622,1077,Register,200,OK,Workers 1-8,text,true,,2334,626,100,326,http://localhost/register,1077,0,1
1655466245661,1050,Register,200,OK,Workers 1-12,text,true,,2333,587,100,330,http://localhost/register,1050,0,1
1655466245561,1259,Register,200,OK,Workers 1-2,text,true,,2332,594,100,364,http://localhost/register,1259,0,1
1655466245613,1236,Register,200,OK,Workers 1-7,text,true,,2334,622,100,369,http://localhost/register,1236,0,1
1655466246281,616,Register,200,OK,Workers 1-74,text,true,,2334,611,100,382,http://localhost/register,616,0,1
1655466245642,1352,Register,200,OK,Workers 1-10,text,true,,2332,606,100,375,http://localhost/register,1352,0,1
1655466245631,1365,Register,200,OK,Workers 1-9,text,true,,2332,590,100,374,http://localhost/register,1365,0,0
1655466245653,1418,Register,200,OK,Workers 1-11,text,true,,2332,599,100,367,http://localhost/register,1417,0,1
1655466245732,1369,Register,200,OK,Workers 1-19,text,true,,2333,607,100,362,http://localhost/register,1369,0,2
1655466245794,1335,Register,200,OK,Workers 1-25,text,true,,2333,591,100,356,http://localhost/register,1334,0,0
1655466245781,1350,Register,200,OK,Workers 1-24,text,true,,2334,607,100,356,http://localhost/register,1350,0,1
1655466246012,1158,Register,200,OK,Workers 1-47,text,true,,2333,587,100,353,http://localhost/register,1158,0,1
1655466245694,1518,Register,200,OK,Workers 1-15,text,true,,2332,587,100,350,http://localhost/register,1518,0,1
1655466245685,1577,Register,200,OK,Workers 1-14,text,true,,2332,599,100,349,http://localhost/register,1577,0,0
1655466246082,1333,Register,200,OK,Workers 1-54,text,true,,2334,591,100,348,http://localhost/register,1333,0,1
1655466245861,1619,Register,200,OK,Workers 1-32,text,true,,2333,623,100,348,http://localhost/register,1619,0,2
1655466245882,1688,Register,200,OK,Workers 1-34,text,true,,2332,599,100,348,http://localhost/register,1688,0,1
1655466245803,1803,Register,200,OK,Workers 1-26,text,true,,2333,603,100,348,http://localhost/register,1803,0,2
1655466245972,1916,Register,200,OK,Workers 1-43,text,true,,2334,587,100,345,http://localhost/register,1916,0,1
1655466246072,2214,Register,200,OK,Workers 1-53,text,true,,2333,623,100,343,http://localhost/register,2214,0,1
1655466246062,2228,Register,200,OK,Workers 1-52,text,true,,2333,607,100,343,http://localhost/register,2228,0,1
1655466246091,2202,Register,200,OK,Workers 1-55,text,true,,2334,623,100,343,http://localhost/register,2201,0,1
1655466246031,2278,Register,200,OK,Workers 1-49,text,true,,2333,591,100,340,http://localhost/register,2278,0,1
1655466246043,2285,Register,200,OK,Workers 1-50,text,true,,2333,599,100,336,http://localhost/register,2285,0,1
1655466246051,2288,Register,200,OK,Workers 1-51,text,true,,2335,591,100,336,http://localhost/register,2288,0,1
1655466246001,2356,Register,200,OK,Workers 1-46,text,true,,2335,603,100,336,http://localhost/register,2356,0,1
1655466246022,2358,Register,200,OK,Workers 1-48,text,true,,2334,619,100,335,http://localhost/register,2358,0,1
1655466245712,2670,Register,200,OK,Workers 1-17,text,true,,2334,595,100,335,http://localhost/register,2670,0,1
1655466246192,2204,Register,200,OK,Workers 1-65,text,true,,2332,607,100,333,http://localhost/register,2204,0,1
1655466245904,2500,Register,200,OK,Workers 1-36,text,true,,2333,599,100,332,http://localhost/register,2500,0,1
1655466245984,2422,Register,200,OK,Workers 1-44,text,true,,2333,615,100,332,http://localhost/register,2422,0,3
1655466245992,2424,Register,200,OK,Workers 1-45,text,true,,2333,627,100,331,http://localhost/register,2424,0,0
1655466245963,2460,Register,200,OK,Workers 1-42,text,true,,2334,615,100,330,http://localhost/register,2460,0,1
1655466245952,2505,Register,200,OK,Workers 1-41,text,true,,2333,623,100,323,http://localhost/register,2505,0,1
1655466245832,2637,Register,200,OK,Workers 1-29,text,true,,2335,627,100,321,http://localhost/register,2637,0,1
1655466245942,2531,Register,200,OK,Workers 1-40,text,true,,2335,619,100,321,http://localhost/register,2531,0,0
1655466245703,2794,Register,200,OK,Workers 1-16,text,true,,2335,591,100,318,http://localhost/register,2794,0,1
1655466245933,2567,Register,200,OK,Workers 1-39,text,true,,2334,595,100,318,http://localhost/register,2567,0,1
1655466245751,2755,Register,200,OK,Workers 1-21,text,true,,2334,595,100,318,http://localhost/register,2755,0,1
1655466245911,2604,Register,200,OK,Workers 1-37,text,true,,2334,595,100,317,http://localhost/register,2604,0,1
1655466245871,2645,Register,200,OK,Workers 1-33,text,true,,2335,627,100,317,http://localhost/register,2645,0,1
1655466245722,2797,Register,200,OK,Workers 1-18,text,true,,2334,595,100,317,http://localhost/register,2797,0,0
1655466245773,2749,Register,200,OK,Workers 1-23,text,true,,2334,611,100,317,http://localhost/register,2749,0,0
1655466245923,2603,Register,200,OK,Workers 1-38,text,true,,2334,607,100,317,http://localhost/register,2603,0,0
1655466245844,2695,Register,200,OK,Workers 1-30,text,true,,2332,603,100,315,http://localhost/register,2695,0,1
1655466245893,2652,Register,200,OK,Workers 1-35,text,true,,2333,611,100,315,http://localhost/register,2652,0,1
1655466245762,2786,Register,200,OK,Workers 1-22,text,true,,2333,623,100,315,http://localhost/register,2786,0,0
1655466245826,2724,Register,200,OK,Workers 1-28,text,true,,2333,615,100,315,http://localhost/register,2724,0,1
1655466245811,2744,Register,200,OK,Workers 1-27,text,true,,2333,603,100,315,http://localhost/register,2743,0,1
1655466245743,2820,Register,200,OK,Workers 1-20,text,true,,2334,595,100,315,http://localhost/register,2820,0,0
1655466245851,2713,Register,200,OK,Workers 1-31,text,true,,2333,623,100,315,http://localhost/register,2713,0,1
1655466246019,2557,Login,200,OK,Workers 1-4,text,true,,3192,814,100,315,http://localhost/login,2557,0,0
1655466245928,2666,Login,200,OK,Workers 1-3,text,true,,3194,794,100,312,http://localhost/login,2666,0,0
1655466246221,2394,Register,200,OK,Workers 1-68,text,true,,2335,623,100,307,http://localhost/register,2394,0,1
1655466246211,2426,Register,200,OK,Workers 1-67,text,true,,2335,595,100,303,http://localhost/register,2426,0,1
1655466246203,2438,Register,200,OK,Workers 1-66,text,true,,2334,603,100,302,http://localhost/register,2438,0,1
1655466246181,2532,Register,200,OK,Workers 1-64,text,true,,2335,607,100,298,http://localhost/register,2532,0,1
1655466246172,2558,Register,200,OK,Workers 1-63,text,true,,2334,611,100,295,http://localhost/register,2558,0,0
1655466246162,2570,Register,200,OK,Workers 1-62,text,true,,2334,615,100,295,http://localhost/register,2570,0,1
1655466246153,2597,Register,200,OK,Workers 1-61,text,true,,2335,623,100,295,http://localhost/register,2597,0,1
1655466246143,2610,Register,200,OK,Workers 1-60,text,true,,2335,587,100,295,http://localhost/register,2610,0,0
1655466246112,2643,Register,200,OK,Workers 1-57,text,true,,2334,587,100,295,http://localhost/register,2643,0,0
1655466246123,2643,Register,200,OK,Workers 1-58,text,true,,2334,615,100,295,http://localhost/register,2642,0,1
1655466246132,2638,Register,200,OK,Workers 1-59,text,true,,2335,607,100,295,http://localhost/register,2638,0,1
1655466246104,2684,Register,200,OK,Workers 1-56,text,true,,2334,599,100,293,http://localhost/register,2684,0,1
1655466246484,2330,Register,200,OK,Workers 1-94,text,true,,2335,591,100,289,http://localhost/register,2330,0,1
1655466246312,2521,Register,200,OK,Workers 1-77,text,true,,2334,611,100,287,http://localhost/register,2521,0,1
1655466246243,2633,Register,200,OK,Workers 1-70,text,true,,2334,623,100,282,http://localhost/register,2633,0,0
1655466246233,2706,Register,200,OK,Workers 1-69,text,true,,2334,611,100,278,http://localhost/register,2706,0,1
1655466246408,2653,Open store,200,OK,Workers 1-1,text,true,,2467,651,100,277,http://localhost/openStore,2653,0,0
1655466246254,2808,Register,200,OK,Workers 1-71,text,true,,2335,603,100,277,http://localhost/register,2808,0,1
1655466246272,2792,Register,200,OK,Workers 1-73,text,true,,2334,599,100,277,http://localhost/register,2792,0,0
1655466246261,2847,Register,200,OK,Workers 1-72,text,true,,2335,619,100,275,http://localhost/register,2847,0,1
1655466246322,2876,Register,200,OK,Workers 1-78,text,true,,2334,627,100,271,http://localhost/register,2876,0,1
1655466246352,2860,Register,200,OK,Workers 1-81,text,true,,2334,607,100,270,http://localhost/register,2860,0,1
1655466246362,2852,Register,200,OK,Workers 1-82,text,true,,2334,615,100,270,http://localhost/register,2852,0,1
1655466246374,2851,Register,200,OK,Workers 1-83,text,true,,2334,591,100,269,http://localhost/register,2851,0,0
1655466246820,2419,Login,200,OK,Workers 1-2,text,true,,3192,829,100,269,http://localhost/login,2419,0,0
1655466246384,2863,Register,200,OK,Workers 1-84,text,true,,2333,615,100,268,http://localhost/register,2863,0,0
1655466246403,2855,Register,200,OK,Workers 1-86,text,true,,2334,627,100,267,http://localhost/register,2855,0,1
1655466246393,2869,Register,200,OK,Workers 1-85,text,true,,2333,607,100,267,http://localhost/register,2869,0,0
1655466246412,2867,Register,200,OK,Workers 1-87,text,true,,2333,623,100,267,http://localhost/register,2867,0,1
1655466246421,2862,Register,200,OK,Workers 1-88,text,true,,2335,623,100,267,http://localhost/register,2862,0,1
1655466246489,2816,Login,200,OK,Workers 1-5,text,true,,3194,794,100,267,http://localhost/login,2816,0,1
1655466246293,3012,Register,200,OK,Workers 1-75,text,true,,2334,627,100,267,http://localhost/register,3012,0,0
1655466246849,2467,Login,200,OK,Workers 1-7,text,true,,3192,804,100,267,http://localhost/login,2467,0,1
1655466246332,2988,Register,200,OK,Workers 1-79,text,true,,2334,611,100,266,http://localhost/register,2988,0,0
1655466246443,2929,Register,200,OK,Workers 1-90,text,true,,2334,623,100,260,http://localhost/register,2929,0,1
1655466246342,3054,Register,200,OK,Workers 1-80,text,true,,2335,603,100,256,http://localhost/register,3053,0,1
1655466246463,3050,Register,200,OK,Workers 1-92,text,true,,2335,615,100,247,http://localhost/register,3050,0,1
1655466246454,3084,Register,200,OK,Workers 1-91,text,true,,2334,619,100,245,http://localhost/register,3084,0,1
1655466246433,3147,Register,200,OK,Workers 1-89,text,true,,2333,591,100,242,http://localhost/register,3147,0,1
1655466246494,3093,Register,200,OK,Workers 1-95,text,true,,2334,591,100,242,http://localhost/register,3093,0,1
1655466246472,3117,Register,200,OK,Workers 1-93,text,true,,2333,615,100,242,http://localhost/register,3117,0,0
1655466246699,2919,Login,200,OK,Workers 1-8,text,true,,3193,824,100,242,http://localhost/login,2918,0,1
1655466247212,2621,Login,200,OK,Workers 1-15,text,true,,3194,820,100,231,http://localhost/login,2621,0,1
1655466249279,600,Login,200,OK,Workers 1-87,text,true,,3194,800,100,229,http://localhost/login,600,0,1
1655466246513,3482,Register,200,OK,Workers 1-97,text,true,,2333,599,100,225,http://localhost/register,3482,0,1
1655466246503,3508,Register,200,OK,Workers 1-96,text,true,,2334,623,100,223,http://localhost/register,3508,0,1
1655466247570,2509,Login,200,OK,Workers 1-34,text,true,,3194,810,100,211,http://localhost/login,2509,0,1
1655466247606,2491,Login,200,OK,Workers 1-26,text,true,,3194,825,100,206,http://localhost/login,2491,0,1
1655466246527,3581,Login,200,OK,Workers 1-13,text,true,,3194,820,100,202,http://localhost/login,3581,0,1
1655466246533,3581,Register,200,OK,Workers 1-99,text,true,,2334,623,100,201,http://localhost/register,3581,0,1
1655466246543,3619,Register,200,OK,Workers 1-100,text,true,,2333,627,100,192,http://localhost/register,3619,0,1
1655466246522,3652,Register,200,OK,Workers 1-98,text,true,,2335,591,100,192,http://localhost/register,3652,0,1
1655466246601,3620,Login,200,OK,Workers 1-6,text,true,,3193,829,100,186,http://localhost/login,3620,0,1
1655466248577,1756,Open store,200,OK,Workers 1-4,text,true,,2468,651,100,172,http://localhost/openStore,1756,0,0
1655466248519,1851,Login,200,OK,Workers 1-18,text,true,,3194,795,100,172,http://localhost/login,1851,0,1
1655466246711,3683,Login,200,OK,Workers 1-12,text,true,,3194,815,100,170,http://localhost/login,3683,0,1
1655466248515,1891,Login,200,OK,Workers 1-37,text,true,,3193,830,100,169,http://localhost/login,1891,0,1
1655466248286,2222,Login,200,OK,Workers 1-53,text,true,,3194,810,100,159,http://localhost/login,2222,0,1
1655466249320,1203,Login,200,OK,Workers 1-79,text,true,,3193,830,100,158,http://localhost/login,1203,0,0
1655466249061,1493,logout,200,OK,Workers 1-1,text,true,,2375,470,100,153,http://localhost/logout,1493,0,1
1655466250555,0,Debug Sampler,200,OK,Workers 1-1,text,true,,466,0,100,153,null,0,0,0
1655466246897,3740,Login,200,OK,Workers 1-74,text,true,,3193,820,99,132,http://localhost/login,3740,0,0
1655466246996,3653,Login,200,OK,Workers 1-9,text,true,,3194,829,99,132,http://localhost/login,3653,0,0
1655466246302,4403,Register,200,OK,Workers 1-76,text,true,,2332,615,99,125,http://localhost/register,4403,0,1
1655466246994,3733,Login,200,OK,Workers 1-10,text,true,,3194,794,99,120,http://localhost/login,3733,0,1
1655466247071,3659,Login,200,OK,Workers 1-11,text,true,,3194,820,99,120,http://localhost/login,3659,0,0
1655466247170,3563,Login,200,OK,Workers 1-47,text,true,,3193,835,99,120,http://localhost/login,3563,0,0
1655466247101,3636,Login,200,OK,Workers 1-19,text,true,,3194,820,99,120,http://localhost/login,3636,0,1
1655466247480,3260,Login,200,OK,Workers 1-32,text,true,,3195,800,99,120,http://localhost/login,3259,0,1
1655466247131,3612,Login,200,OK,Workers 1-24,text,true,,3194,790,99,120,http://localhost/login,3612,0,1
1655466247415,3332,Login,200,OK,Workers 1-54,text,true,,3193,820,99,120,http://localhost/login,3332,0,1
1655466247262,3487,Login,200,OK,Workers 1-14,text,true,,3194,810,99,120,http://localhost/login,3487,0,0
1655466247129,3624,Login,200,OK,Workers 1-25,text,true,,3194,810,99,120,http://localhost/login,3624,0,0
1655466247888,2868,Login,200,OK,Workers 1-43,text,true,,3193,805,99,120,http://localhost/login,2868,0,1
1655466248833,1929,Login,200,OK,Workers 1-77,text,true,,3194,785,99,120,http://localhost/login,1929,0,1
1655466248939,1826,Login,200,OK,Workers 1-69,text,true,,3194,785,99,120,http://localhost/login,1825,0,0
1655466249212,1557,Login,200,OK,Workers 1-81,text,true,,3194,805,99,120,http://localhost/login,1557,0,1
1655466249214,1557,Login,200,OK,Workers 1-82,text,true,,3193,795,99,120,http://localhost/login,1557,0,1
1655466249109,1666,Login,200,OK,Workers 1-72,text,true,,3193,830,99,120,http://localhost/login,1666,0,1
1655466249262,1518,Login,200,OK,Workers 1-85,text,true,,3193,825,99,120,http://localhost/login,1518,0,0
1655466248290,2493,Login,200,OK,Workers 1-52,text,true,,3192,785,99,120,http://localhost/login,2493,0,0
1655466248293,2494,Login,200,OK,Workers 1-55,text,true,,3193,810,99,120,http://localhost/login,2494,0,0
1655466248497,2293,Login,200,OK,Workers 1-16,text,true,,3194,835,99,120,http://localhost/login,2293,0,1
1655466248396,2399,Login,200,OK,Workers 1-65,text,true,,3193,785,99,120,http://localhost/login,2398,0,1
1655466248423,2375,Login,200,OK,Workers 1-42,text,true,,3193,795,99,120,http://localhost/login,2375,0,0
1655466248339,2463,Login,200,OK,Workers 1-51,text,true,,3194,830,99,120,http://localhost/login,2463,0,1
1655466248382,2424,Login,200,OK,Workers 1-17,text,true,,3194,825,99,120,http://localhost/login,2423,0,0
1655466248328,2482,Login,200,OK,Workers 1-50,text,true,,3194,810,99,120,http://localhost/login,2482,0,0
1655466248416,2397,Login,200,OK,Workers 1-45,text,true,,3194,825,99,120,http://localhost/login,2397,0,1
1655466248473,2345,Login,200,OK,Workers 1-40,text,true,,3195,800,99,120,http://localhost/login,2344,0,1
1655466248457,2364,Login,200,OK,Workers 1-41,text,true,,3194,810,99,120,http://localhost/login,2364,0,0
1655466248357,2466,Login,200,OK,Workers 1-46,text,true,,3195,800,99,120,http://localhost/login,2466,0,1
1655466248500,2329,Login,200,OK,Workers 1-39,text,true,,3195,785,99,120,http://localhost/login,2329,0,1
1655466248404,2428,Login,200,OK,Workers 1-36,text,true,,3194,820,99,120,http://localhost/login,2428,0,1
1655466248522,2314,Login,200,OK,Workers 1-23,text,true,,3194,835,99,120,http://localhost/login,2314,0,1
1655466248469,2370,Login,200,OK,Workers 1-29,text,true,,3194,785,99,120,http://localhost/login,2370,0,0
1655466248406,2441,Login,200,OK,Workers 1-44,text,true,,3194,830,99,120,http://localhost/login,2441,0,1
1655466248507,2345,Login,200,OK,Workers 1-21,text,true,,3194,820,99,120,http://localhost/login,2345,0,0
1655466248380,2475,Login,200,OK,Workers 1-48,text,true,,3194,800,99,120,http://localhost/login,2475,0,1
1655466248309,2549,Login,200,OK,Workers 1-49,text,true,,3194,800,99,120,http://localhost/login,2549,0,1
1655466248526,2337,Login,200,OK,Workers 1-38,text,true,,3194,810,99,120,http://localhost/login,2337,0,1
1655466248539,2326,Login,200,OK,Workers 1-30,text,true,,3194,820,99,120,http://localhost/login,2326,0,1
1655466248516,2353,Login,200,OK,Workers 1-33,text,true,,3194,835,99,120,http://localhost/login,2353,0,1
1655466248545,2327,Login,200,OK,Workers 1-35,text,true,,3194,805,99,120,http://localhost/login,2327,0,1
1655466248548,2326,Login,200,OK,Workers 1-22,text,true,,3193,830,99,120,http://localhost/login,2326,0,1
1655466248550,2329,Login,200,OK,Workers 1-28,text,true,,3194,825,99,120,http://localhost/login,2329,0,1
1655466248555,2330,Login,200,OK,Workers 1-27,text,true,,3193,815,99,120,http://localhost/login,2330,0,0
1655466248565,2324,Login,200,OK,Workers 1-31,text,true,,3194,800,99,120,http://localhost/login,2324,0,0
1655466250334,559,logout,200,OK,Workers 1-4,text,true,,2376,452,99,120,http://localhost/logout,559,0,0
1655466250893,0,Debug Sampler,200,OK,Workers 1-4,text,true,,466,0,99,120,null,0,0,0
1655466250223,674,Open store,200,OK,Workers 1-6,text,true,,2469,655,98,119,http://localhost/openStore,674,0,0
1655466250098,810,Open store,200,OK,Workers 1-26,text,true,,2468,632,98,119,http://localhost/openStore,810,0,0
1655466248615,2306,Login,200,OK,Workers 1-68,text,true,,3195,785,98,119,http://localhost/login,2306,0,1
1655466248637,2286,Login,200,OK,Workers 1-67,text,true,,3195,785,98,119,http://localhost/login,2286,0,1
1655466248641,2287,Login,200,OK,Workers 1-66,text,true,,3194,810,98,119,http://localhost/login,2287,0,0
1655466248713,2218,Login,200,OK,Workers 1-64,text,true,,3194,820,98,119,http://localhost/login,2218,0,1
1655466248730,2205,Login,200,OK,Workers 1-63,text,true,,3194,820,98,119,http://localhost/login,2205,0,1
1655466248732,2207,Login,200,OK,Workers 1-62,text,true,,3194,810,98,119,http://localhost/login,2207,0,0
1655466248750,2193,Login,200,OK,Workers 1-61,text,true,,3192,835,98,119,http://localhost/login,2193,0,1
1655466248753,2193,Login,200,OK,Workers 1-60,text,true,,3194,810,98,119,http://localhost/login,2193,0,1
1655466248755,2194,Login,200,OK,Workers 1-57,text,true,,3194,835,98,119,http://localhost/login,2194,0,1
1655466248766,2186,Login,200,OK,Workers 1-58,text,true,,3193,825,98,119,http://localhost/login,2186,0,0
1655466248770,2186,Login,200,OK,Workers 1-59,text,true,,3194,805,98,119,http://localhost/login,2186,0,0
1655466248788,2172,Login,200,OK,Workers 1-56,text,true,,3194,800,98,119,http://localhost/login,2172,0,1
1655466248814,2149,Login,200,OK,Workers 1-94,text,true,,3193,805,98,119,http://localhost/login,2149,0,1
1655466248876,2090,Login,200,OK,Workers 1-70,text,true,,3194,815,98,119,http://localhost/login,2089,0,0
1655466249373,1597,Login,200,OK,Workers 1-90,text,true,,3194,810,98,119,http://localhost/login,1597,0,0
1655466249396,1576,Login,200,OK,Workers 1-80,text,true,,3194,835,98,119,http://localhost/login,1576,0,0
1655466249062,1914,Login,200,OK,Workers 1-71,text,true,,3194,820,98,119,http://localhost/login,1914,0,0
1655466249198,1782,Login,200,OK,Workers 1-78,text,true,,3194,825,98,119,http://localhost/login,1782,0,1
1655466249064,1923,Login,200,OK,Workers 1-73,text,true,,3195,785,98,119,http://localhost/login,1923,0,0
1655466249225,1765,Login,200,OK,Workers 1-83,text,true,,3194,820,98,119,http://localhost/login,1765,0,1
1655466249247,1749,Login,200,OK,Workers 1-84,text,true,,3195,800,98,119,http://localhost/login,1748,0,1
1655466249258,1740,Login,200,OK,Workers 1-86,text,true,,3194,795,98,119,http://localhost/login,1740,0,0
1655466249283,1736,Login,200,OK,Workers 1-88,text,true,,3195,800,98,117,http://localhost/login,1736,0,1
1655466249305,1721,Login,200,OK,Workers 1-75,text,true,,3194,830,98,117,http://localhost/login,1721,0,0
1655466249538,1544,Login,200,OK,Workers 1-91,text,true,,3195,810,98,99,http://localhost/login,1544,0,1
1655466249580,1506,Login,200,OK,Workers 1-89,text,true,,3193,825,98,99,http://localhost/login,1506,0,1
1655466249587,1502,Login,200,OK,Workers 1-95,text,true,,3194,815,98,99,http://localhost/login,1502,0,0
1655466249590,1505,Login,200,OK,Workers 1-93,text,true,,3195,800,98,99,http://localhost/login,1505,0,0
1655466249996,1103,Login,200,OK,Workers 1-97,text,true,,3194,810,98,99,http://localhost/login,1103,0,1
1655466250013,1088,Login,200,OK,Workers 1-96,text,true,,3194,830,98,99,http://localhost/login,1088,0,0
1655466250175,930,Login,200,OK,Workers 1-98,text,true,,3195,830,98,99,http://localhost/login,930,0,0
1655466250115,992,Login,200,OK,Workers 1-99,text,true,,3195,805,98,99,http://localhost/login,992,0,0
1655466250164,948,Login,200,OK,Workers 1-100,text,true,,3194,815,98,99,http://localhost/login,948,0,0
1655466250908,206,logout,200,OK,Workers 1-26,text,true,,2376,464,98,99,http://localhost/logout,206,0,1
1655466251114,0,Debug Sampler,200,OK,Workers 1-26,text,true,,469,0,98,99,null,0,0,0
1655466250109,1010,Open store,200,OK,Workers 1-13,text,true,,2469,632,97,98,http://localhost/openStore,1010,0,0
1655466250897,229,logout,200,OK,Workers 1-6,text,true,,2376,461,97,98,http://localhost/logout,228,0,1
1655466251126,0,Debug Sampler,200,OK,Workers 1-6,text,true,,466,0,97,98,null,0,0,0
1655466248563,2566,Login,200,OK,Workers 1-20,text,true,,3194,835,96,97,http://localhost/login,2566,0,1
1655466250706,435,Login,200,OK,Workers 1-76,text,true,,3195,795,96,96,http://localhost/login,435,0,1
1655466251119,23,logout,200,OK,Workers 1-13,text,true,,2375,461,96,96,http://localhost/logout,23,0,0
1655466251142,0,Debug Sampler,200,OK,Workers 1-13,text,true,,469,0,96,96,null,0,0,0
1655466250080,1067,Open store,200,OK,Workers 1-34,text,true,,2470,656,95,95,http://localhost/openStore,1067,0,0
1655466249514,1639,Login,200,OK,Workers 1-92,text,true,,3194,795,95,95,http://localhost/login,1639,0,0
1655466251147,12,logout,200,OK,Workers 1-34,text,true,,2376,449,95,95,http://localhost/logout,11,0,0
1655466251159,0,Debug Sampler,200,OK,Workers 1-34,text,true,,469,0,95,95,null,0,0,0
1655466249618,1546,Open store,200,OK,Workers 1-8,text,true,,2467,631,94,94,http://localhost/openStore,1545,0,1
1655466249834,1345,Open store,200,OK,Workers 1-15,text,true,,2468,644,94,94,http://localhost/openStore,1345,0,0
1655466251165,22,logout,200,OK,Workers 1-8,text,true,,2375,455,94,94,http://localhost/logout,22,0,0
1655466251187,0,Debug Sampler,200,OK,Workers 1-8,text,true,,466,0,94,94,null,0,0,0
1655466251179,11,logout,200,OK,Workers 1-15,text,true,,2376,455,93,93,http://localhost/logout,11,0,0
1655466251190,0,Debug Sampler,200,OK,Workers 1-15,text,true,,469,0,93,93,null,0,0,0
1655466249880,1317,Open store,200,OK,Workers 1-87,text,true,,2470,644,92,92,http://localhost/openStore,1317,0,1
1655466249316,1889,Open store,200,OK,Workers 1-7,text,true,,2466,655,92,92,http://localhost/openStore,1889,0,0
1655466251197,17,logout,200,OK,Workers 1-87,text,true,,2376,449,92,92,http://localhost/logout,17,0,1
1655466251214,0,Debug Sampler,200,OK,Workers 1-87,text,true,,469,0,92,92,null,0,0,0
1655466251207,11,logout,200,OK,Workers 1-7,text,true,,2375,479,91,91,http://localhost/logout,11,0,0
1655466251218,0,Debug Sampler,200,OK,Workers 1-7,text,true,,466,0,91,91,null,0,0,0
1655466249305,1915,Open store,200,OK,Workers 1-5,text,true,,2467,635,90,90,http://localhost/openStore,1915,0,0
1655466249239,1991,Open store,200,OK,Workers 1-2,text,true,,2468,623,90,90,http://localhost/openStore,1991,0,0
1655466251222,15,logout,200,OK,Workers 1-5,text,true,,2376,473,90,90,http://localhost/logout,15,0,0
1655466251237,0,Debug Sampler,200,OK,Workers 1-5,text,true,,466,0,90,90,null,0,0,0
1655466251231,9,logout,200,OK,Workers 1-2,text,true,,2376,476,89,89,http://localhost/logout,9,0,0
1655466251240,0,Debug Sampler,200,OK,Workers 1-2,text,true,,466,0,89,89,null,0,0,0
1655466248594,2650,Open store,200,OK,Workers 1-3,text,true,,2468,619,88,88,http://localhost/openStore,2650,0,0
1655466251154,100,Open store,200,OK,Workers 1-92,text,true,,2469,632,88,88,http://localhost/openStore,100,0,1
1655466251245,16,logout,200,OK,Workers 1-3,text,true,,2376,473,88,88,http://localhost/logout,16,0,0
1655466251261,0,Debug Sampler,200,OK,Workers 1-3,text,true,,466,0,88,88,null,0,0,0
1655466251254,11,logout,200,OK,Workers 1-92,text,true,,2377,479,87,87,http://localhost/logout,11,0,0
1655466251265,0,Debug Sampler,200,OK,Workers 1-92,text,true,,469,0,87,87,null,0,0,0
1655466251141,128,Open store,200,OK,Workers 1-76,text,true,,2468,656,86,86,http://localhost/openStore,128,0,0
1655466251130,149,Open store,200,OK,Workers 1-20,text,true,,2470,636,86,86,http://localhost/openStore,149,0,0
1655466251269,16,logout,200,OK,Workers 1-76,text,true,,2377,464,86,86,http://localhost/logout,16,0,1
1655466251285,0,Debug Sampler,200,OK,Workers 1-76,text,true,,469,0,86,86,null,0,0,0
1655466251279,9,logout,200,OK,Workers 1-20,text,true,,2377,470,85,85,http://localhost/logout,9,0,1
1655466251288,0,Debug Sampler,200,OK,Workers 1-20,text,true,,467,0,85,85,null,0,0,0
1655466251112,178,Open store,200,OK,Workers 1-100,text,true,,2469,648,84,84,http://localhost/openStore,178,0,1
1655466251107,192,Open store,200,OK,Workers 1-99,text,true,,2469,620,84,84,http://localhost/openStore,192,0,1
1655466251291,15,logout,200,OK,Workers 1-100,text,true,,2375,473,84,84,http://localhost/logout,15,0,0
1655466251306,0,Debug Sampler,200,OK,Workers 1-100,text,true,,470,0,84,84,null,0,0,0
1655466251299,10,logout,200,OK,Workers 1-99,text,true,,2377,455,83,83,http://localhost/logout,10,0,0
1655466251309,0,Debug Sampler,200,OK,Workers 1-99,text,true,,469,0,83,83,null,0,0,0
1655466251105,208,Open store,200,OK,Workers 1-98,text,true,,2469,660,82,82,http://localhost/openStore,208,0,0
1655466251313,9,logout,200,OK,Workers 1-98,text,true,,2375,461,82,82,http://localhost/logout,9,0,0
1655466251322,0,Debug Sampler,200,OK,Workers 1-98,text,true,,469,0,82,82,null,0,0,0
1655466251102,222,Open store,200,OK,Workers 1-96,text,true,,2468,652,81,81,http://localhost/openStore,222,0,0
1655466251099,234,Open store,200,OK,Workers 1-97,text,true,,2469,636,81,81,http://localhost/openStore,234,0,0
1655466251324,16,logout,200,OK,Workers 1-96,text,true,,2375,458,81,81,http://localhost/logout,16,0,0
1655466251340,0,Debug Sampler,200,OK,Workers 1-96,text,true,,468,0,81,81,null,0,0,0
1655466251334,11,logout,200,OK,Workers 1-97,text,true,,2376,479,80,80,http://localhost/logout,11,0,0
1655466251345,0,Debug Sampler,200,OK,Workers 1-97,text,true,,469,0,80,80,null,0,0,0
1655466251096,252,Open store,200,OK,Workers 1-93,text,true,,2469,656,79,79,http://localhost/openStore,252,0,0
1655466251090,268,Open store,200,OK,Workers 1-95,text,true,,2470,632,79,79,http://localhost/openStore,268,0,1
1655466251348,17,logout,200,OK,Workers 1-93,text,true,,2376,464,79,79,http://localhost/logout,17,0,1
1655466251365,0,Debug Sampler,200,OK,Workers 1-93,text,true,,469,0,79,79,null,0,0,0
1655466251358,11,logout,200,OK,Workers 1-95,text,true,,2375,455,78,78,http://localhost/logout,11,0,0
1655466251369,0,Debug Sampler,200,OK,Workers 1-95,text,true,,468,0,78,78,null,0,0,0
1655466251087,285,Open store,200,OK,Workers 1-89,text,true,,2469,640,77,77,http://localhost/openStore,285,0,1
1655466251083,299,Open store,200,OK,Workers 1-91,text,true,,2469,624,77,77,http://localhost/openStore,299,0,1
1655466251372,17,logout,200,OK,Workers 1-89,text,true,,2376,467,77,77,http://localhost/logout,17,0,1
1655466251389,0,Debug Sampler,200,OK,Workers 1-89,text,true,,468,0,77,77,null,0,0,0
1655466251382,12,logout,200,OK,Workers 1-91,text,true,,2376,479,76,76,http://localhost/logout,12,0,1
1655466251394,0,Debug Sampler,200,OK,Workers 1-91,text,true,,469,0,76,76,null,0,0,0
1655466251027,370,Open store,200,OK,Workers 1-75,text,true,,2468,620,75,75,http://localhost/openStore,370,0,1
1655466251020,387,Open store,200,OK,Workers 1-88,text,true,,2469,644,75,75,http://localhost/openStore,387,0,1
1655466251397,19,logout,200,OK,Workers 1-75,text,true,,2375,461,75,75,http://localhost/logout,19,0,1
1655466251416,0,Debug Sampler,200,OK,Workers 1-75,text,true,,469,0,75,75,null,0,0,0
1655466251407,12,logout,200,OK,Workers 1-88,text,true,,2375,473,74,74,http://localhost/logout,12,0,1
1655466251419,0,Debug Sampler,200,OK,Workers 1-88,text,true,,469,0,74,74,null,0,0,0
1655466251000,423,Open store,200,OK,Workers 1-86,text,true,,2468,644,73,73,http://localhost/openStore,423,0,0
1655466250997,436,Open store,200,OK,Workers 1-84,text,true,,2469,620,73,73,http://localhost/openStore,436,0,0
1655466251423,16,logout,200,OK,Workers 1-86,text,true,,2375,467,73,73,http://localhost/logout,16,0,0
1655466251439,0,Debug Sampler,200,OK,Workers 1-86,text,true,,469,0,73,73,null,0,0,0
1655466251433,16,logout,200,OK,Workers 1-84,text,true,,2376,455,72,72,http://localhost/logout,16,0,1
1655466251449,0,Debug Sampler,200,OK,Workers 1-84,text,true,,469,0,72,72,null,0,0,0
1655466250992,461,Open store,200,OK,Workers 1-83,text,true,,2468,636,71,71,http://localhost/openStore,461,0,0
1655466250988,475,Open store,200,OK,Workers 1-73,text,true,,2468,640,71,71,http://localhost/openStore,475,0,0
1655466251453,20,logout,200,OK,Workers 1-83,text,true,,2376,479,71,71,http://localhost/logout,20,0,1
1655466251473,0,Debug Sampler,200,OK,Workers 1-83,text,true,,469,0,71,71,null,0,0,0
1655466251463,17,logout,200,OK,Workers 1-73,text,true,,2376,467,70,70,http://localhost/logout,17,0,0
1655466251480,0,Debug Sampler,200,OK,Workers 1-73,text,true,,469,0,70,70,null,0,0,0
1655466250981,503,Open store,200,OK,Workers 1-78,text,true,,2470,644,69,69,http://localhost/openStore,502,0,0
1655466250978,518,Open store,200,OK,Workers 1-71,text,true,,2469,656,69,69,http://localhost/openStore,518,0,0
1655466251484,20,logout,200,OK,Workers 1-78,text,true,,2376,473,69,69,http://localhost/logout,20,0,0
1655466251504,0,Debug Sampler,200,OK,Workers 1-78,text,true,,469,0,69,69,null,0,0,0
1655466251496,11,logout,200,OK,Workers 1-71,text,true,,2376,449,68,68,http://localhost/logout,11,0,1
1655466251507,0,Debug Sampler,200,OK,Workers 1-71,text,true,,469,0,68,68,null,0,0,0
1655466250973,539,Open store,200,OK,Workers 1-80,text,true,,2470,620,67,67,http://localhost/openStore,539,0,1
1655466250971,551,Open store,200,OK,Workers 1-90,text,true,,2469,640,67,67,http://localhost/openStore,550,0,0
1655466251512,16,logout,200,OK,Workers 1-80,text,true,,2375,461,67,67,http://localhost/logout,16,0,1
1655466251528,0,Debug Sampler,200,OK,Workers 1-80,text,true,,466,0,67,67,null,0,0,0
1655466251522,9,logout,200,OK,Workers 1-90,text,true,,2376,449,66,66,http://localhost/logout,9,0,0
1655466251531,0,Debug Sampler,200,OK,Workers 1-90,text,true,,468,0,66,66,null,0,0,0
1655466250967,569,Open store,200,OK,Workers 1-70,text,true,,2468,628,65,65,http://localhost/openStore,569,0,0
1655466250964,582,Open store,200,OK,Workers 1-94,text,true,,2469,620,65,65,http://localhost/openStore,582,0,1
1655466251536,17,logout,200,OK,Workers 1-70,text,true,,2376,464,65,65,http://localhost/logout,17,0,0
1655466251553,0,Debug Sampler,200,OK,Workers 1-70,text,true,,469,0,65,65,null,0,0,0
1655466251546,10,logout,200,OK,Workers 1-94,text,true,,2376,455,64,64,http://localhost/logout,10,0,0
1655466251556,0,Debug Sampler,200,OK,Workers 1-94,text,true,,469,0,64,64,null,0,0,0
1655466250961,602,Open store,200,OK,Workers 1-56,text,true,,2469,628,63,63,http://localhost/openStore,602,0,1
1655466250957,617,Open store,200,OK,Workers 1-59,text,true,,2470,636,63,63,http://localhost/openStore,617,0,0
1655466251563,19,logout,200,OK,Workers 1-56,text,true,,2376,449,63,63,http://localhost/logout,19,0,1
1655466251582,0,Debug Sampler,200,OK,Workers 1-56,text,true,,468,0,63,63,null,0,0,0
1655466251574,11,logout,200,OK,Workers 1-59,text,true,,2375,470,62,62,http://localhost/logout,11,0,0
1655466251585,0,Debug Sampler,200,OK,Workers 1-59,text,true,,469,0,62,62,null,0,0,0
1655466250953,636,Open store,200,OK,Workers 1-58,text,true,,2468,640,61,61,http://localhost/openStore,636,0,1
1655466250950,647,Open store,200,OK,Workers 1-57,text,true,,2470,656,61,61,http://localhost/openStore,646,0,0
1655466251589,14,logout,200,OK,Workers 1-58,text,true,,2375,467,61,61,http://localhost/logout,14,0,0
1655466251603,0,Debug Sampler,200,OK,Workers 1-58,text,true,,468,0,61,61,null,0,0,0
1655466251597,9,logout,200,OK,Workers 1-57,text,true,,2376,479,60,60,http://localhost/logout,9,0,0
1655466251606,0,Debug Sampler,200,OK,Workers 1-57,text,true,,469,0,60,60,null,0,0,0
1655466250947,662,Open store,200,OK,Workers 1-60,text,true,,2470,624,59,59,http://localhost/openStore,662,0,1
1655466250944,676,Open store,200,OK,Workers 1-61,text,true,,2470,648,59,59,http://localhost/openStore,676,0,1
1655466251609,20,logout,200,OK,Workers 1-60,text,true,,2375,452,59,59,http://localhost/logout,20,0,1
1655466251629,0,Debug Sampler,200,OK,Workers 1-60,text,true,,469,0,59,59,null,0,0,0
1655466251620,12,logout,200,OK,Workers 1-61,text,true,,2375,476,58,58,http://localhost/logout,12,0,0
1655466251632,0,Debug Sampler,200,OK,Workers 1-61,text,true,,469,0,58,58,null,0,0,0
1655466250940,696,Open store,200,OK,Workers 1-62,text,true,,2470,624,57,57,http://localhost/openStore,696,0,0
1655466250936,710,Open store,200,OK,Workers 1-63,text,true,,2468,660,57,57,http://localhost/openStore,710,0,1
1655466251636,16,logout,200,OK,Workers 1-62,text,true,,2375,479,57,57,http://localhost/logout,15,0,1
1655466251652,0,Debug Sampler,200,OK,Workers 1-62,text,true,,468,0,57,57,null,0,0,0
1655466251646,9,logout,200,OK,Workers 1-63,text,true,,2375,479,56,56,http://localhost/logout,9,0,1
1655466251655,0,Debug Sampler,200,OK,Workers 1-63,text,true,,469,0,56,56,null,0,0,0
1655466250932,726,Open store,200,OK,Workers 1-64,text,true,,2469,644,55,55,http://localhost/openStore,726,0,1
1655466250929,737,Open store,200,OK,Workers 1-66,text,true,,2469,644,55,55,http://localhost/openStore,737,0,1
1655466251658,14,logout,200,OK,Workers 1-64,text,true,,2377,476,55,55,http://localhost/logout,14,0,1
1655466251672,0,Debug Sampler,200,OK,Workers 1-64,text,true,,469,0,55,55,null,0,0,0
1655466251666,9,logout,200,OK,Workers 1-66,text,true,,2376,467,54,54,http://localhost/logout,9,0,1
1655466251675,0,Debug Sampler,200,OK,Workers 1-66,text,true,,469,0,54,54,null,0,0,0
1655466250925,755,Open store,200,OK,Workers 1-67,text,true,,2468,660,53,53,http://localhost/openStore,755,0,0
1655466250922,767,Open store,200,OK,Workers 1-68,text,true,,2468,640,53,53,http://localhost/openStore,766,0,0
1655466251680,17,logout,200,OK,Workers 1-67,text,true,,2377,461,53,53,http://localhost/logout,17,0,1
1655466251697,0,Debug Sampler,200,OK,Workers 1-67,text,true,,469,0,53,53,null,0,0,0
1655466251689,12,logout,200,OK,Workers 1-68,text,true,,2375,449,52,52,http://localhost/logout,12,0,0
1655466251701,0,Debug Sampler,200,OK,Workers 1-68,text,true,,469,0,52,52,null,0,0,0
1655466250890,815,Open store,200,OK,Workers 1-31,text,true,,2468,648,51,51,http://localhost/openStore,815,0,1
1655466250886,828,Open store,200,OK,Workers 1-27,text,true,,2468,644,51,51,http://localhost/openStore,828,0,1
1655466251705,15,logout,200,OK,Workers 1-31,text,true,,2376,452,51,51,http://localhost/logout,15,0,0
1655466251720,0,Debug Sampler,200,OK,Workers 1-31,text,true,,469,0,51,51,null,0,0,0
1655466251714,9,logout,200,OK,Workers 1-27,text,true,,2375,461,50,50,http://localhost/logout,9,0,0
1655466251723,0,Debug Sampler,200,OK,Workers 1-27,text,true,,469,0,50,50,null,0,0,0
1655466250880,848,Open store,200,OK,Workers 1-28,text,true,,2470,648,49,49,http://localhost/openStore,848,0,1
1655466250876,861,Open store,200,OK,Workers 1-22,text,true,,2468,652,49,49,http://localhost/openStore,861,0,0
1655466250873,873,Open store,200,OK,Workers 1-35,text,true,,2469,620,49,49,http://localhost/openStore,873,0,0
1655466251728,24,logout,200,OK,Workers 1-28,text,true,,2375,461,49,49,http://localhost/logout,24,0,1
1655466251753,0,Debug Sampler,200,OK,Workers 1-28,text,true,,469,0,49,49,null,0,0,0
1655466251746,10,logout,200,OK,Workers 1-35,text,true,,2375,455,48,48,http://localhost/logout,10,0,0
1655466251756,0,Debug Sampler,200,OK,Workers 1-35,text,true,,469,0,48,48,null,0,0,0
1655466250870,890,Open store,200,OK,Workers 1-33,text,true,,2469,660,47,47,http://localhost/openStore,890,0,0
1655466251737,29,logout,200,OK,Workers 1-22,text,true,,2377,461,47,47,http://localhost/logout,29,0,0
1655466251766,0,Debug Sampler,200,OK,Workers 1-22,text,true,,469,0,47,47,null,0,0,0
1655466251760,10,logout,200,OK,Workers 1-33,text,true,,2377,479,46,46,http://localhost/logout,10,0,1
1655466251770,0,Debug Sampler,200,OK,Workers 1-33,text,true,,469,0,46,46,null,0,0,0
1655466250866,908,Open store,200,OK,Workers 1-30,text,true,,2469,632,45,45,http://localhost/openStore,908,0,1
1655466250864,926,Open store,200,OK,Workers 1-38,text,true,,2469,652,45,45,http://localhost/openStore,925,0,0
1655466251774,26,logout,200,OK,Workers 1-30,text,true,,2375,449,45,45,http://localhost/logout,26,0,1
1655466251800,0,Debug Sampler,200,OK,Workers 1-30,text,true,,469,0,45,45,null,0,0,0
1655466251790,12,logout,200,OK,Workers 1-38,text,true,,2376,458,44,44,http://localhost/logout,12,0,0
1655466251803,0,Debug Sampler,200,OK,Workers 1-38,text,true,,469,0,44,44,null,0,0,0
1655466250859,949,Open store,200,OK,Workers 1-49,text,true,,2468,620,43,43,http://localhost/openStore,949,0,1
1655466250856,964,Open store,200,OK,Workers 1-48,text,true,,2470,640,43,43,http://localhost/openStore,964,0,0
1655466251808,21,logout,200,OK,Workers 1-49,text,true,,2376,476,43,43,http://localhost/logout,21,0,0
1655466251829,0,Debug Sampler,200,OK,Workers 1-49,text,true,,468,0,43,43,null,0,0,0
1655466251820,12,logout,200,OK,Workers 1-48,text,true,,2376,458,42,42,http://localhost/logout,12,0,1
1655466251833,0,Debug Sampler,200,OK,Workers 1-48,text,true,,469,0,42,42,null,0,0,0
1655466250853,984,Open store,200,OK,Workers 1-21,text,true,,2470,636,41,41,http://localhost/openStore,984,0,1
1655466250848,1000,Open store,200,OK,Workers 1-44,text,true,,2470,628,41,41,http://localhost/openStore,1000,0,1
1655466251837,18,logout,200,OK,Workers 1-21,text,true,,2376,464,41,41,http://localhost/logout,18,0,1
1655466251855,0,Debug Sampler,200,OK,Workers 1-21,text,true,,469,0,41,41,null,0,0,0
1655466251848,11,logout,200,OK,Workers 1-44,text,true,,2375,476,40,40,http://localhost/logout,11,0,1
1655466251859,0,Debug Sampler,200,OK,Workers 1-44,text,true,,469,0,40,40,null,0,0,0
1655466250840,1025,Open store,200,OK,Workers 1-29,text,true,,2468,660,39,39,http://localhost/openStore,1025,0,1
1655466250837,1038,Open store,200,OK,Workers 1-23,text,true,,2468,636,39,39,http://localhost/openStore,1038,0,0
1655466251865,19,logout,200,OK,Workers 1-29,text,true,,2376,473,39,39,http://localhost/logout,19,0,0
1655466251884,0,Debug Sampler,200,OK,Workers 1-29,text,true,,469,0,39,39,null,0,0,0
1655466251875,13,logout,200,OK,Workers 1-23,text,true,,2377,452,38,38,http://localhost/logout,13,0,1
1655466251888,0,Debug Sampler,200,OK,Workers 1-23,text,true,,469,0,38,38,null,0,0,0
1655466250833,1058,Open store,200,OK,Workers 1-36,text,true,,2470,644,37,37,http://localhost/openStore,1058,0,0
1655466250830,1074,Open store,200,OK,Workers 1-39,text,true,,2469,636,37,37,http://localhost/openStore,1074,0,1
1655466251891,20,logout,200,OK,Workers 1-36,text,true,,2376,473,37,37,http://localhost/logout,20,0,1
1655466251911,0,Debug Sampler,200,OK,Workers 1-36,text,true,,469,0,37,37,null,0,0,0
1655466251904,11,logout,200,OK,Workers 1-39,text,true,,2376,458,36,36,http://localhost/logout,11,0,1
1655466251915,0,Debug Sampler,200,OK,Workers 1-39,text,true,,469,0,36,36,null,0,0,0
1655466250824,1096,Open store,200,OK,Workers 1-46,text,true,,2468,628,35,35,http://localhost/openStore,1096,0,1
1655466250822,1109,Open store,200,OK,Workers 1-41,text,true,,2469,628,35,35,http://localhost/openStore,1109,0,1
1655466251920,19,logout,200,OK,Workers 1-46,text,true,,2376,461,35,35,http://localhost/logout,19,0,0
1655466251939,0,Debug Sampler,200,OK,Workers 1-46,text,true,,468,0,35,35,null,0,0,0
1655466251931,10,logout,200,OK,Workers 1-41,text,true,,2376,449,34,34,http://localhost/logout,10,0,0
1655466251941,0,Debug Sampler,200,OK,Workers 1-41,text,true,,469,0,34,34,null,0,0,0
1655466250819,1127,Open store,200,OK,Workers 1-40,text,true,,2469,632,33,33,http://localhost/openStore,1127,0,0
1655466250815,1140,Open store,200,OK,Workers 1-45,text,true,,2469,648,33,33,http://localhost/openStore,1140,0,0
1655466251946,16,logout,200,OK,Workers 1-40,text,true,,2377,452,33,33,http://localhost/logout,16,0,0
1655466251962,0,Debug Sampler,200,OK,Workers 1-40,text,true,,469,0,33,33,null,0,0,0
1655466251955,10,logout,200,OK,Workers 1-45,text,true,,2376,473,32,32,http://localhost/logout,10,0,1
1655466251965,0,Debug Sampler,200,OK,Workers 1-45,text,true,,469,0,32,32,null,0,0,0
1655466250811,1158,Open store,200,OK,Workers 1-50,text,true,,2468,640,31,31,http://localhost/openStore,1158,0,1
1655466250807,1171,Open store,200,OK,Workers 1-17,text,true,,2469,656,31,31,http://localhost/openStore,1171,0,0
1655466251969,18,logout,200,OK,Workers 1-50,text,true,,2376,479,31,31,http://localhost/logout,18,0,1
1655466251987,0,Debug Sampler,200,OK,Workers 1-50,text,true,,469,0,31,31,null,0,0,0
1655466251978,11,logout,200,OK,Workers 1-17,text,true,,2376,467,30,30,http://localhost/logout,11,0,0
1655466251990,0,Debug Sampler,200,OK,Workers 1-17,text,true,,469,0,30,30,null,0,0,0
1655466250803,1191,Open store,200,OK,Workers 1-51,text,true,,2469,628,29,29,http://localhost/openStore,1191,0,1
1655466250799,1205,Open store,200,OK,Workers 1-42,text,true,,2470,628,29,29,http://localhost/openStore,1205,0,0
1655466251995,16,logout,200,OK,Workers 1-51,text,true,,2376,458,29,29,http://localhost/logout,16,0,0
1655466252011,0,Debug Sampler,200,OK,Workers 1-51,text,true,,469,0,29,29,null,0,0,0
1655466252004,11,logout,200,OK,Workers 1-42,text,true,,2376,458,28,28,http://localhost/logout,11,0,0
1655466252015,0,Debug Sampler,200,OK,Workers 1-42,text,true,,469,0,28,28,null,0,0,0
1655466250796,1225,Open store,200,OK,Workers 1-65,text,true,,2470,660,27,27,http://localhost/openStore,1225,0,0
1655466250791,1240,Open store,200,OK,Workers 1-16,text,true,,2468,620,27,27,http://localhost/openStore,1240,0,0
1655466252021,16,logout,200,OK,Workers 1-65,text,true,,2377,479,27,27,http://localhost/logout,16,0,0
1655466252037,0,Debug Sampler,200,OK,Workers 1-65,text,true,,469,0,27,27,null,0,0,0
1655466252031,9,logout,200,OK,Workers 1-16,text,true,,2375,464,26,26,http://localhost/logout,9,0,0
1655466252040,0,Debug Sampler,200,OK,Workers 1-16,text,true,,469,0,26,26,null,0,0,0
1655466250788,1256,Open store,200,OK,Workers 1-55,text,true,,2469,624,25,25,http://localhost/openStore,1256,0,1
1655466250784,1269,Open store,200,OK,Workers 1-52,text,true,,2469,644,25,25,http://localhost/openStore,1268,0,0
1655466252044,14,logout,200,OK,Workers 1-55,text,true,,2376,464,25,25,http://localhost/logout,14,0,0
1655466252058,0,Debug Sampler,200,OK,Workers 1-55,text,true,,469,0,25,25,null,0,0,0
1655466252053,10,logout,200,OK,Workers 1-52,text,true,,2377,449,24,24,http://localhost/logout,10,0,0
1655466252063,0,Debug Sampler,200,OK,Workers 1-52,text,true,,469,0,24,24,null,0,0,0
1655466250781,1285,Open store,200,OK,Workers 1-85,text,true,,2470,620,23,23,http://localhost/openStore,1285,0,0
1655466250776,1299,Open store,200,OK,Workers 1-72,text,true,,2468,632,23,23,http://localhost/openStore,1299,0,1
1655466252066,16,logout,200,OK,Workers 1-85,text,true,,2377,467,23,23,http://localhost/logout,16,0,0
1655466252082,0,Debug Sampler,200,OK,Workers 1-85,text,true,,469,0,23,23,null,0,0,0
1655466252075,11,logout,200,OK,Workers 1-72,text,true,,2375,479,22,22,http://localhost/logout,11,0,1
1655466252086,0,Debug Sampler,200,OK,Workers 1-72,text,true,,468,0,22,22,null,0,0,0
1655466250772,1319,Open store,200,OK,Workers 1-82,text,true,,2469,660,21,21,http://localhost/openStore,1319,0,1
1655466250770,1333,Open store,200,OK,Workers 1-81,text,true,,2469,632,21,21,http://localhost/openStore,1332,0,1
1655466252091,23,logout,200,OK,Workers 1-82,text,true,,2377,470,21,21,http://localhost/logout,23,0,1
1655466252114,0,Debug Sampler,200,OK,Workers 1-82,text,true,,469,0,21,21,null,0,0,0
1655466252103,13,logout,200,OK,Workers 1-81,text,true,,2376,479,20,20,http://localhost/logout,13,0,0
1655466252116,0,Debug Sampler,200,OK,Workers 1-81,text,true,,469,0,20,20,null,0,0,0
1655466250766,1355,Open store,200,OK,Workers 1-69,text,true,,2469,648,19,19,http://localhost/openStore,1355,0,0
1655466250763,1367,Open store,200,OK,Workers 1-77,text,true,,2469,632,19,19,http://localhost/openStore,1367,0,0
1655466252121,16,logout,200,OK,Workers 1-69,text,true,,2376,467,19,19,http://localhost/logout,16,0,1
1655466252138,0,Debug Sampler,200,OK,Workers 1-69,text,true,,469,0,19,19,null,0,0,0
1655466252130,14,logout,200,OK,Workers 1-77,text,true,,2376,476,18,18,http://localhost/logout,14,0,1
1655466252144,0,Debug Sampler,200,OK,Workers 1-77,text,true,,469,0,18,18,null,0,0,0
1655466250757,1393,Open store,200,OK,Workers 1-43,text,true,,2469,644,17,17,http://localhost/openStore,1393,0,1
1655466250754,1408,Open store,200,OK,Workers 1-25,text,true,,2468,628,17,17,http://localhost/openStore,1408,0,1
1655466252150,21,logout,200,OK,Workers 1-43,text,true,,2427,449,17,17,http://localhost/logout,21,0,1
1655466252171,0,Debug Sampler,200,OK,Workers 1-43,text,true,,469,0,17,17,null,0,0,0
1655466252163,40,logout,200,OK,Workers 1-25,text,true,,2463,473,16,16,http://localhost/logout,39,0,0
1655466252203,0,Debug Sampler,200,OK,Workers 1-25,text,true,,469,0,16,16,null,0,0,0
1655466250751,1496,Open store,200,OK,Workers 1-14,text,true,,2470,644,15,15,http://localhost/openStore,1496,0,0
1655466250748,1516,Open store,200,OK,Workers 1-54,text,true,,2468,652,15,15,http://localhost/openStore,1516,0,0
1655466252247,23,logout,200,OK,Workers 1-14,text,true,,2377,452,15,15,http://localhost/logout,23,0,1
1655466252270,0,Debug Sampler,200,OK,Workers 1-14,text,true,,469,0,15,15,null,0,0,0
1655466250744,1548,Open store,200,OK,Workers 1-24,text,true,,2470,640,14,14,http://localhost/openStore,1548,0,1
1655466252264,34,logout,200,OK,Workers 1-54,text,true,,2376,458,14,14,http://localhost/logout,34,0,1
1655466252298,0,Debug Sampler,200,OK,Workers 1-54,text,true,,468,0,14,14,null,0,0,0
1655466250741,1570,Open store,200,OK,Workers 1-32,text,true,,2468,652,13,13,http://localhost/openStore,1570,0,0
1655466252292,23,logout,200,OK,Workers 1-24,text,true,,2376,455,13,13,http://localhost/logout,23,0,1
1655466252315,0,Debug Sampler,200,OK,Workers 1-24,text,true,,469,0,13,13,null,0,0,0
1655466250738,1593,Open store,200,OK,Workers 1-19,text,true,,2469,644,12,12,http://localhost/openStore,1593,0,0
1655466252312,23,logout,200,OK,Workers 1-32,text,true,,2375,458,12,12,http://localhost/logout,23,0,1
1655466252336,0,Debug Sampler,200,OK,Workers 1-32,text,true,,469,0,12,12,null,0,0,0
1655466250734,1615,Open store,200,OK,Workers 1-47,text,true,,2468,640,11,11,http://localhost/openStore,1615,0,0
1655466252331,23,logout,200,OK,Workers 1-19,text,true,,2377,470,11,11,http://localhost/logout,23,0,1
1655466252354,0,Debug Sampler,200,OK,Workers 1-19,text,true,,469,0,11,11,null,0,0,0
1655466250731,1637,Open store,200,OK,Workers 1-11,text,true,,2468,656,10,10,http://localhost/openStore,1637,0,1
1655466252349,24,logout,200,OK,Workers 1-47,text,true,,2376,461,10,10,http://localhost/logout,24,0,1
1655466252373,0,Debug Sampler,200,OK,Workers 1-47,text,true,,469,0,10,10,null,0,0,0
1655466250728,1662,Open store,200,OK,Workers 1-10,text,true,,2469,647,9,9,http://localhost/openStore,1662,0,1
1655466252368,28,logout,200,OK,Workers 1-11,text,true,,2376,479,9,9,http://localhost/logout,28,0,1
1655466252397,0,Debug Sampler,200,OK,Workers 1-11,text,true,,469,0,9,9,null,0,0,0
1655466250650,1765,Open store,200,OK,Workers 1-9,text,true,,2469,651,8,8,http://localhost/openStore,1765,0,1
1655466252390,32,logout,200,OK,Workers 1-10,text,true,,2376,455,8,8,http://localhost/logout,32,0,1
1655466252422,0,Debug Sampler,200,OK,Workers 1-10,text,true,,466,0,8,8,null,0,0,0
1655466250638,1806,Open store,200,OK,Workers 1-74,text,true,,2469,644,7,7,http://localhost/openStore,1806,0,1
1655466252416,34,logout,200,OK,Workers 1-9,text,true,,2375,467,7,7,http://localhost/logout,34,0,0
1655466252450,0,Debug Sampler,200,OK,Workers 1-9,text,true,,466,0,7,7,null,0,0,0
1655466250524,1949,Open store,200,OK,Workers 1-79,text,true,,2468,628,6,6,http://localhost/openStore,1949,0,1
1655466252444,35,logout,200,OK,Workers 1-74,text,true,,2376,461,6,6,http://localhost/logout,35,0,1
1655466252479,0,Debug Sampler,200,OK,Workers 1-74,text,true,,469,0,6,6,null,0,0,0
1655466250509,1983,Open store,200,OK,Workers 1-53,text,true,,2468,644,5,5,http://localhost/openStore,1983,0,1
1655466252473,25,logout,200,OK,Workers 1-79,text,true,,2376,458,5,5,http://localhost/logout,25,0,0
1655466252498,0,Debug Sampler,200,OK,Workers 1-79,text,true,,469,0,5,5,null,0,0,0
1655466252492,12,logout,200,OK,Workers 1-53,text,true,,2376,455,4,4,http://localhost/logout,12,0,0
1655466252505,0,Debug Sampler,200,OK,Workers 1-53,text,true,,469,0,4,4,null,0,0,0
1655466250407,2112,Open store,200,OK,Workers 1-37,text,true,,2468,620,3,3,http://localhost/openStore,2112,0,0
1655466250395,2142,Open store,200,OK,Workers 1-12,text,true,,2469,640,3,3,http://localhost/openStore,2142,0,1
1655466252519,22,logout,200,OK,Workers 1-37,text,true,,2376,467,3,3,http://localhost/logout,22,0,0
1655466252541,1,Debug Sampler,200,OK,Workers 1-37,text,true,,469,0,3,3,null,0,0,0
1655466250371,2186,Open store,200,OK,Workers 1-18,text,true,,2469,644,2,2,http://localhost/openStore,2185,0,1
1655466252537,25,logout,200,OK,Workers 1-12,text,true,,2376,455,2,2,http://localhost/logout,25,0,1
1655466252562,0,Debug Sampler,200,OK,Workers 1-12,text,true,,469,0,2,2,null,0,0,0
1655466252557,11,logout,200,OK,Workers 1-18,text,true,,2377,455,1,1,http://localhost/logout,11,0,0
1655466252568,0,Debug Sampler,200,OK,Workers 1-18,text,true,,469,0,1,1,null,0,0,0
