timeStamp,elapsed,label,responseCode,responseMessage,threadName,dataType,success,failureMessage,bytes,sentBytes,grpThreads,allThreads,URL,Latency,IdleTime,Connect,,,,,,
1.65546E+12,19,Login,200,OK,Workers 1-12,text,TRUE,,2569,795,14,17,http://localhost/login,19,0,2,,,,,,
1.65546E+12,6,Login,200,OK,Workers 1-25,text,TRUE,,2570,835,26,26,http://localhost/login,6,0,1,,,,,,
1.65546E+12,7,Login,200,OK,Workers 1-26,text,TRUE,,2571,825,26,26,http://localhost/login,7,0,1,,,,,,
1.65546E+12,205,Login,200,OK,Workers 1-7,text,TRUE,,3194,824,35,36,http://localhost/login,205,0,1,,,,,,5305.030667
1.65546E+12,448,Login,200,OK,Workers 1-3,text,TRUE,,3193,804,64,64,http://localhost/login,448,0,0,,,,,,
1.65546E+12,373,Login,200,OK,Workers 1-42,text,TRUE,,3195,800,95,95,http://localhost/login,373,0,0,,,,,,
1.65546E+12,701,Login,200,OK,Workers 1-4,text,TRUE,,3194,799,103,104,http://localhost/login,701,0,1,,,,,,
1.65546E+12,751,Login,200,OK,Workers 1-5,text,TRUE,,3193,819,110,111,http://localhost/login,751,0,2,,,,,,
1.65546E+12,724,Login,200,OK,Workers 1-39,text,TRUE,,3196,810,142,144,http://localhost/login,724,0,0,,,,,,
1.65546E+12,1043,Login,200,OK,Workers 1-6,text,TRUE,,3193,829,150,150,http://localhost/login,1043,0,1,,,,,,
1.65546E+12,1012,Login,200,OK,Workers 1-31,text,TRUE,,3194,790,150,150,http://localhost/login,1012,0,2,,,,,,
1.65546E+12,1057,Login,200,OK,Workers 1-30,text,TRUE,,3194,825,150,150,http://localhost/login,1057,0,0,,,,,,
1.65546E+12,1100,Login,200,OK,Workers 1-29,text,TRUE,,3196,795,150,150,http://localhost/login,1100,0,0,,,,,,
1.65546E+12,1147,Login,200,OK,Workers 1-28,text,TRUE,,3195,825,150,150,http://localhost/login,1146,0,1,,,,,,
1.65546E+12,1189,Login,200,OK,Workers 1-27,text,TRUE,,3195,810,150,150,http://localhost/login,1189,0,1,,,,,,
1.65546E+12,1230,addProductToCart,200,OK,Workers 1-26,text,TRUE,,3232,816,150,150,http://localhost/addToCart,1230,0,0,,,,,,
1.65546E+12,1280,addProductToCart,200,OK,Workers 1-25,text,TRUE,,3232,801,150,150,http://localhost/addToCart,1280,0,1,,,,,,
1.65546E+12,1428,Login,200,OK,Workers 1-8,text,TRUE,,3193,809,150,150,http://localhost/login,1428,0,1,,,,,,
1.65546E+12,1355,Login,200,OK,Workers 1-24,text,TRUE,,3196,815,150,150,http://localhost/login,1355,0,1,,,,,,
1.65546E+12,1398,Login,200,OK,Workers 1-23,text,TRUE,,3195,785,150,150,http://localhost/login,1398,0,0,,,,,,
1.65546E+12,1508,Login,200,OK,Workers 1-19,text,TRUE,,3194,815,150,150,http://localhost/login,1508,0,1,,,,,,
1.65546E+12,1559,Login,200,OK,Workers 1-17,text,TRUE,,3196,785,150,150,http://localhost/login,1559,0,1,,,,,,
1.65546E+12,1604,Login,200,OK,Workers 1-16,text,TRUE,,3196,820,150,150,http://localhost/login,1604,0,1,,,,,,
1.65546E+12,1678,Login,200,OK,Workers 1-9,text,TRUE,,3194,799,150,150,http://localhost/login,1678,0,2,,,,,,
1.65546E+12,1702,Login,200,OK,Workers 1-15,text,TRUE,,3196,790,150,150,http://localhost/login,1702,0,0,,,,,,
1.65546E+12,1747,addProductToCart,200,OK,Workers 1-12,text,TRUE,,3233,801,150,150,http://localhost/addToCart,1746,0,2,,,,,,
1.65546E+12,1795,Login,200,OK,Workers 1-13,text,TRUE,,3193,815,150,150,http://localhost/login,1795,0,0,,,,,,
1.65546E+12,1849,Login,200,OK,Workers 1-11,text,TRUE,,3196,810,150,150,http://localhost/login,1849,0,1,,,,,,
1.65546E+12,1967,Login,200,OK,Workers 1-1,text,TRUE,,3194,829,150,150,http://localhost/login,1967,0,1,,,,,,
1.65546E+12,1930,Login,200,OK,Workers 1-10,text,TRUE,,3193,834,150,150,http://localhost/login,1930,0,1,,,,,,
1.65546E+12,124,addProductToCart,200,OK,Workers 1-11,text,TRUE,,3231,796,150,150,http://localhost/addToCart,124,0,1,,,,,,
1.65546E+12,308,addProductToCart,200,OK,Workers 1-15,text,TRUE,,3233,816,150,150,http://localhost/addToCart,308,0,0,,,,,,
1.65546E+12,2013,Login,200,OK,Workers 1-18,text,TRUE,,3195,825,150,150,http://localhost/login,2013,0,1,,,,,,
1.65546E+12,2063,Login,200,OK,Workers 1-14,text,TRUE,,3196,810,150,150,http://localhost/login,2063,0,1,,,,,,
1.65546E+12,505,addProductToCart,200,OK,Workers 1-16,text,TRUE,,3231,836,150,150,http://localhost/addToCart,505,0,1,,,,,,
1.65546E+12,584,addProductToCart,200,OK,Workers 1-17,text,TRUE,,3231,841,150,150,http://localhost/addToCart,584,0,1,,,,,,
1.65546E+12,666,addProductToCart,200,OK,Workers 1-19,text,TRUE,,3232,811,150,150,http://localhost/addToCart,666,0,1,,,,,,
1.65546E+12,2193,Login,200,OK,Workers 1-20,text,TRUE,,3196,790,150,150,http://localhost/login,2193,0,1,,,,,,
1.65546E+12,2209,Login,200,OK,Workers 1-21,text,TRUE,,3194,815,150,150,http://localhost/login,2209,0,0,,,,,,
1.65546E+12,2229,Login,200,OK,Workers 1-22,text,TRUE,,3195,800,150,150,http://localhost/login,2229,0,0,,,,,,
1.65546E+12,929,addProductToCart,200,OK,Workers 1-24,text,TRUE,,3232,806,150,150,http://localhost/addToCart,929,0,0,,,,,,
1.65546E+12,1012,addProductToCart,200,OK,Workers 1-8,text,TRUE,,3232,845,150,150,http://localhost/addToCart,1012,0,1,,,,,,
1.65546E+12,1215,addProductToCart,200,OK,Workers 1-28,text,TRUE,,3231,816,150,150,http://localhost/addToCart,1215,0,0,,,,,,
1.65546E+12,1300,addProductToCart,200,OK,Workers 1-29,text,TRUE,,3233,841,150,150,http://localhost/addToCart,1300,0,1,,,,,,
1.65546E+12,1440,addProductToCart,200,OK,Workers 1-31,text,TRUE,,3232,841,150,150,http://localhost/addToCart,1440,0,0,,,,,,
1.65546E+12,2467,Login,200,OK,Workers 1-32,text,TRUE,,3195,795,150,150,http://localhost/login,2467,0,1,,,,,,
1.65546E+12,2483,Login,200,OK,Workers 1-33,text,TRUE,,3194,820,150,150,http://localhost/login,2483,0,0,,,,,,
1.65546E+12,2489,Login,200,OK,Workers 1-34,text,TRUE,,3196,825,150,150,http://localhost/login,2489,0,0,,,,,,
1.65546E+12,2501,Login,200,OK,Workers 1-36,text,TRUE,,3196,820,150,150,http://localhost/login,2501,0,1,,,,,,
1.65546E+12,2528,addProductToCart,200,OK,Workers 1-7,text,TRUE,,3232,805,150,150,http://localhost/addToCart,2528,0,1,,,,,,
1.65546E+12,2555,Login,200,OK,Workers 1-37,text,TRUE,,3194,810,150,150,http://localhost/login,2555,0,1,,,,,,
1.65546E+12,2598,Login,200,OK,Workers 1-35,text,TRUE,,3196,820,150,150,http://localhost/login,2598,0,1,,,,,,
1.65546E+12,2656,Login,200,OK,Workers 1-40,text,TRUE,,3194,800,150,150,http://localhost/login,2656,0,0,,,,,,
1.65546E+12,1945,Login,200,OK,Workers 1-142,text,TRUE,,3196,796,150,150,http://localhost/login,1945,0,1,,,,,,
1.65546E+12,2749,Login,200,OK,Workers 1-38,text,TRUE,,3195,795,150,150,http://localhost/login,2749,0,0,,,,,,
1.65546E+12,2120,Login,200,OK,Workers 1-143,text,TRUE,,3195,821,150,150,http://localhost/login,2120,0,1,,,,,,
1.65546E+12,2197,Login,200,OK,Workers 1-134,text,TRUE,,3195,821,150,150,http://localhost/login,2196,0,1,,,,,,
1.65546E+12,1110,Purchase Items,200,OK,Workers 1-15,text,TRUE,,3609,1987,150,150,http://localhost/purchaseCart,1110,0,1,,,,,,
1.65546E+12,2241,Login,200,OK,Workers 1-140,text,TRUE,,3197,826,150,150,http://localhost/login,2241,0,1,,,,,,
1.65546E+12,2314,Login,200,OK,Workers 1-137,text,TRUE,,3196,801,150,150,http://localhost/login,2314,0,1,,,,,,
1.65546E+12,2372,Login,200,OK,Workers 1-136,text,TRUE,,3195,821,150,150,http://localhost/login,2372,0,0,,,,,,
1.65546E+12,2447,Login,200,OK,Workers 1-132,text,TRUE,,3196,786,150,150,http://localhost/login,2447,0,0,,,,,,
1.65546E+12,2485,Login,200,OK,Workers 1-133,text,TRUE,,3196,816,150,150,http://localhost/login,2485,0,0,,,,,,
1.65546E+12,2582,Login,200,OK,Workers 1-129,text,TRUE,,3195,786,150,150,http://localhost/login,2582,0,1,,,,,,
1.65546E+12,2685,Login,200,OK,Workers 1-126,text,TRUE,,3195,816,150,150,http://localhost/login,2684,0,0,,,,,,
1.65546E+12,2737,Login,200,OK,Workers 1-124,text,TRUE,,3195,821,150,150,http://localhost/login,2737,0,1,,,,,,
1.65546E+12,2801,Login,200,OK,Workers 1-122,text,TRUE,,3196,816,150,150,http://localhost/login,2801,0,0,,,,,,
1.65546E+12,2927,Login,200,OK,Workers 1-117,text,TRUE,,3196,831,150,150,http://localhost/login,2927,0,1,,,,,,
1.65546E+12,2966,Login,200,OK,Workers 1-114,text,TRUE,,3197,811,150,150,http://localhost/login,2966,0,1,,,,,,
1.65546E+12,3031,Login,200,OK,Workers 1-115,text,TRUE,,3196,801,150,150,http://localhost/login,3031,0,1,,,,,,
1.65546E+12,3582,Login,200,OK,Workers 1-41,text,TRUE,,3195,815,150,150,http://localhost/login,3581,0,0,,,,,,
1.65546E+12,3117,Login,200,OK,Workers 1-111,text,TRUE,,3195,796,150,150,http://localhost/login,3117,0,1,,,,,,
1.65546E+12,3190,Login,200,OK,Workers 1-110,text,TRUE,,3196,786,150,150,http://localhost/login,3190,0,1,,,,,,
1.65546E+12,3268,Login,200,OK,Workers 1-109,text,TRUE,,3197,826,150,150,http://localhost/login,3268,0,0,,,,,,
1.65546E+12,3354,Login,200,OK,Workers 1-106,text,TRUE,,3195,826,150,150,http://localhost/login,3354,0,1,,,,,,
1.65546E+12,3428,Login,200,OK,Workers 1-103,text,TRUE,,3195,831,150,150,http://localhost/login,3428,0,1,,,,,,
1.65546E+12,3576,Login,200,OK,Workers 1-99,text,TRUE,,3194,820,150,150,http://localhost/login,3576,0,1,,,,,,
1.65546E+12,3642,Login,200,OK,Workers 1-97,text,TRUE,,3194,830,150,150,http://localhost/login,3642,0,1,,,,,,
1.65546E+12,3712,addProductToCart,200,OK,Workers 1-42,text,TRUE,,3231,846,150,150,http://localhost/addToCart,3712,0,1,,,,,,
1.65546E+12,3754,Login,200,OK,Workers 1-95,text,TRUE,,3196,795,150,150,http://localhost/login,3754,0,0,,,,,,
1.65546E+12,3823,Login,200,OK,Workers 1-93,text,TRUE,,3194,820,150,150,http://localhost/login,3823,0,1,,,,,,
1.65546E+12,3870,Login,200,OK,Workers 1-92,text,TRUE,,3195,800,150,150,http://localhost/login,3870,0,1,,,,,,
1.65546E+12,3918,Login,200,OK,Workers 1-91,text,TRUE,,3195,805,150,150,http://localhost/login,3918,0,1,,,,,,
1.65546E+12,3969,Login,200,OK,Workers 1-90,text,TRUE,,3196,830,150,150,http://localhost/login,3969,0,0,,,,,,
1.65546E+12,4015,Login,200,OK,Workers 1-89,text,TRUE,,3196,795,150,150,http://localhost/login,4015,0,0,,,,,,
1.65546E+12,4083,Login,200,OK,Workers 1-87,text,TRUE,,3196,815,150,150,http://localhost/login,4083,0,1,,,,,,
1.65546E+12,4145,Login,200,OK,Workers 1-85,text,TRUE,,3195,825,150,150,http://localhost/login,4144,0,1,,,,,,
1.65546E+12,4186,Login,200,OK,Workers 1-84,text,TRUE,,3194,800,150,150,http://localhost/login,4186,0,0,,,,,,
1.65546E+12,4334,Login,200,OK,Workers 1-78,text,TRUE,,3195,805,150,150,http://localhost/login,4334,0,0,,,,,,
1.65546E+12,4376,Login,200,OK,Workers 1-77,text,TRUE,,3194,820,150,150,http://localhost/login,4376,0,0,,,,,,
1.65546E+12,4426,Login,200,OK,Workers 1-76,text,TRUE,,3195,800,150,150,http://localhost/login,4426,0,1,,,,,,
1.65546E+12,4695,Login,200,OK,Workers 1-44,text,TRUE,,3194,790,150,150,http://localhost/login,4694,0,1,,,,,,
1.65546E+12,4504,Login,200,OK,Workers 1-75,text,TRUE,,3195,790,150,150,http://localhost/login,4504,0,1,,,,,,
1.65546E+12,4547,Login,200,OK,Workers 1-74,text,TRUE,,3194,830,150,150,http://localhost/login,4547,0,1,,,,,,
1.65546E+12,4592,Login,200,OK,Workers 1-72,text,TRUE,,3196,790,150,150,http://localhost/login,4592,0,1,,,,,,
1.65546E+12,4849,Login,200,OK,Workers 1-43,text,TRUE,,3195,835,150,150,http://localhost/login,4849,0,0,,,,,,
1.65546E+12,4711,Login,200,OK,Workers 1-69,text,TRUE,,3195,795,150,150,http://localhost/login,4711,0,1,,,,,,
1.65546E+12,4755,Login,200,OK,Workers 1-68,text,TRUE,,3195,795,150,150,http://localhost/login,4755,0,1,,,,,,
1.65546E+12,4957,Login,200,OK,Workers 1-45,text,TRUE,,3195,800,150,150,http://localhost/login,4957,0,1,,,,,,
1.65546E+12,4835,Login,200,OK,Workers 1-67,text,TRUE,,3195,830,150,150,http://localhost/login,4835,0,1,,,,,,
1.65546E+12,4870,Login,200,OK,Workers 1-66,text,TRUE,,3196,790,150,150,http://localhost/login,4870,0,1,,,,,,
1.65546E+12,4907,Login,200,OK,Workers 1-65,text,TRUE,,3195,785,150,150,http://localhost/login,4907,0,0,,,,,,
1.65546E+12,4953,addProductToCart,200,OK,Workers 1-3,text,TRUE,,3231,795,150,150,http://localhost/addToCart,4953,0,0,,,,,,
1.65546E+12,5017,Login,200,OK,Workers 1-63,text,TRUE,,3195,800,150,150,http://localhost/login,5017,0,1,,,,,,
1.65546E+12,5124,Login,200,OK,Workers 1-58,text,TRUE,,3196,800,150,150,http://localhost/login,5124,0,0,,,,,,
1.65546E+12,5167,Login,200,OK,Workers 1-59,text,TRUE,,3194,835,150,150,http://localhost/login,5166,0,0,,,,,,
1.65546E+12,5276,Login,200,OK,Workers 1-48,text,TRUE,,3195,790,150,150,http://localhost/login,5276,0,0,,,,,,
1.65546E+12,5329,Login,200,OK,Workers 1-47,text,TRUE,,3195,800,150,150,http://localhost/login,5329,0,0,,,,,,
1.65546E+12,5309,Login,200,OK,Workers 1-57,text,TRUE,,3196,820,150,150,http://localhost/login,5309,0,1,,,,,,
1.65546E+12,5349,Login,200,OK,Workers 1-55,text,TRUE,,3195,835,150,150,http://localhost/login,5348,0,0,,,,,,
1.65546E+12,5438,Login,200,OK,Workers 1-49,text,TRUE,,3194,835,150,150,http://localhost/login,5438,0,1,,,,,,
1.65546E+12,5470,Login,200,OK,Workers 1-52,text,TRUE,,3194,790,150,150,http://localhost/login,5470,0,0,,,,,,
1.65546E+12,5503,Login,200,OK,Workers 1-51,text,TRUE,,3194,835,150,150,http://localhost/login,5503,0,0,,,,,,
1.65546E+12,5897,Login,200,OK,Workers 1-2,text,TRUE,,3195,804,150,150,http://localhost/login,5897,0,1,,,,,,
1.65546E+12,5584,Login,200,OK,Workers 1-46,text,TRUE,,3196,835,150,150,http://localhost/login,5584,0,0,,,,,,
1.65546E+12,106,addProductToCart,200,OK,Workers 1-51,text,TRUE,,3231,811,150,150,http://localhost/addToCart,105,0,0,,,,,,
1.65546E+12,5648,Login,200,OK,Workers 1-50,text,TRUE,,3195,810,150,150,http://localhost/login,5648,0,0,,,,,,
1.65546E+12,287,addProductToCart,200,OK,Workers 1-49,text,TRUE,,3232,836,150,150,http://localhost/addToCart,287,0,1,,,,,,
1.65546E+12,5713,Login,200,OK,Workers 1-53,text,TRUE,,3195,815,150,150,http://localhost/login,5713,0,0,,,,,,
1.65546E+12,389,addProductToCart,200,OK,Workers 1-55,text,TRUE,,3233,846,150,150,http://localhost/addToCart,389,0,0,,,,,,
1.65546E+12,467,addProductToCart,200,OK,Workers 1-57,text,TRUE,,3231,796,150,150,http://localhost/addToCart,467,0,0,,,,,,
1.65546E+12,542,addProductToCart,200,OK,Workers 1-47,text,TRUE,,3231,801,150,150,http://localhost/addToCart,542,0,1,,,,,,
1.65546E+12,5827,Login,200,OK,Workers 1-54,text,TRUE,,3195,805,150,150,http://localhost/login,5827,0,0,,,,,,
1.65546E+12,5848,Login,200,OK,Workers 1-56,text,TRUE,,3194,820,150,150,http://localhost/login,5847,0,0,,,,,,
1.65546E+12,688,addProductToCart,200,OK,Workers 1-48,text,TRUE,,3232,846,150,150,http://localhost/addToCart,688,0,0,,,,,,
1.65546E+12,751,addProductToCart,200,OK,Workers 1-59,text,TRUE,,3233,811,150,150,http://localhost/addToCart,751,0,0,,,,,,
1.65546E+12,834,addProductToCart,200,OK,Workers 1-58,text,TRUE,,3231,801,150,150,http://localhost/addToCart,834,0,0,,,,,,
1.65546E+12,5971,Login,200,OK,Workers 1-60,text,TRUE,,3196,795,150,150,http://localhost/login,5971,0,0,,,,,,
1.65546E+12,5991,Login,200,OK,Workers 1-61,text,TRUE,,3196,825,150,150,http://localhost/login,5991,0,0,,,,,,
1.65546E+12,6013,Login,200,OK,Workers 1-62,text,TRUE,,3195,810,150,150,http://localhost/login,6013,0,0,,,,,,
1.65546E+12,6040,Login,200,OK,Workers 1-64,text,TRUE,,3195,835,150,150,http://localhost/login,6040,0,1,,,,,,
1.65546E+12,1279,addProductToCart,200,OK,Workers 1-67,text,TRUE,,3232,826,150,150,http://localhost/addToCart,1279,0,1,,,,,,
1.65546E+12,1359,addProductToCart,200,OK,Workers 1-45,text,TRUE,,3232,806,150,150,http://localhost/addToCart,1359,0,0,,,,,,
1.65546E+12,1485,addProductToCart,200,OK,Workers 1-69,text,TRUE,,3232,806,150,150,http://localhost/addToCart,1485,0,0,,,,,,
1.65546E+12,6222,Login,200,OK,Workers 1-70,text,TRUE,,3196,805,150,150,http://localhost/login,6222,0,0,,,,,,
1.65546E+12,6256,Login,200,OK,Workers 1-71,text,TRUE,,3195,795,150,150,http://localhost/login,6256,0,0,,,,,,
1.65546E+12,6281,Login,200,OK,Workers 1-73,text,TRUE,,3195,835,150,150,http://localhost/login,6281,0,0,,,,,,
1.65546E+12,1728,addProductToCart,200,OK,Workers 1-72,text,TRUE,,3232,821,150,150,http://localhost/addToCart,1728,0,0,,,,,,
1.65546E+12,1808,addProductToCart,200,OK,Workers 1-74,text,TRUE,,3231,801,150,150,http://localhost/addToCart,1808,0,0,,,,,,
1.65546E+12,1887,addProductToCart,200,OK,Workers 1-75,text,TRUE,,3233,831,150,150,http://localhost/addToCart,1887,0,0,,,,,,
1.65546E+12,1972,addProductToCart,200,OK,Workers 1-44,text,TRUE,,3231,811,150,150,http://localhost/addToCart,1972,0,0,,,,,,
1.65546E+12,304,Purchase Items,200,OK,Workers 1-69,text,TRUE,,3604,1999,150,150,http://localhost/purchaseCart,304,0,0,,,,,,
1.65546E+12,2109,addProductToCart,200,OK,Workers 1-76,text,TRUE,,3233,831,150,150,http://localhost/addToCart,2109,0,1,,,,,,
1.65546E+12,2200,addProductToCart,200,OK,Workers 1-77,text,TRUE,,3232,811,150,150,http://localhost/addToCart,2200,0,1,,,,,,
1.65546E+12,2281,addProductToCart,200,OK,Workers 1-78,text,TRUE,,3232,796,150,150,http://localhost/addToCart,2281,0,0,,,,,,
1.65546E+12,6630,Login,200,OK,Workers 1-79,text,TRUE,,3196,820,150,150,http://localhost/login,6630,0,1,,,,,,
1.65546E+12,6651,Login,200,OK,Workers 1-80,text,TRUE,,3194,810,150,150,http://localhost/login,6650,0,1,,,,,,
1.65546E+12,6673,Login,200,OK,Workers 1-82,text,TRUE,,3196,800,150,150,http://localhost/login,6673,0,0,,,,,,
1.65546E+12,6692,Login,200,OK,Workers 1-81,text,TRUE,,3195,800,150,150,http://localhost/login,6691,0,1,,,,,,
1.65546E+12,6713,Login,200,OK,Workers 1-83,text,TRUE,,3194,825,150,150,http://localhost/login,6713,0,0,,,,,,
1.65546E+12,2548,addProductToCart,200,OK,Workers 1-84,text,TRUE,,3232,796,150,150,http://localhost/addToCart,2548,0,1,,,,,,
1.65546E+12,6765,Login,200,OK,Workers 1-86,text,TRUE,,3195,830,150,150,http://localhost/login,6765,0,1,,,,,,
1.65546E+12,6794,Login,200,OK,Workers 1-88,text,TRUE,,3194,830,150,150,http://localhost/login,6794,0,0,,,,,,
1.65546E+12,2886,addProductToCart,200,OK,Workers 1-90,text,TRUE,,3233,831,150,150,http://localhost/addToCart,2886,0,1,,,,,,
1.65546E+12,2960,addProductToCart,200,OK,Workers 1-91,text,TRUE,,3232,801,150,150,http://localhost/addToCart,2960,0,1,,,,,,
1.65546E+12,3050,addProductToCart,200,OK,Workers 1-92,text,TRUE,,3231,831,150,150,http://localhost/addToCart,3050,0,1,,,,,,
1.65546E+12,1202,Purchase Items,200,OK,Workers 1-58,text,TRUE,,3607,2059,150,150,http://localhost/purchaseCart,1202,0,1,,,,,,
1.65546E+12,761,Purchase Items,200,OK,Workers 1-72,text,TRUE,,3608,1963,150,150,http://localhost/purchaseCart,761,0,1,,,,,,
1.65546E+12,3151,addProductToCart,200,OK,Workers 1-93,text,TRUE,,3233,811,150,150,http://localhost/addToCart,3151,0,0,,,,,,
1.65546E+12,6999,Login,200,OK,Workers 1-94,text,TRUE,,3196,810,150,150,http://localhost/login,6999,0,1,,,,,,
1.65546E+12,7040,Login,200,OK,Workers 1-96,text,TRUE,,3195,795,150,150,http://localhost/login,7040,0,0,,,,,,
1.65546E+12,7071,Login,200,OK,Workers 1-98,text,TRUE,,3196,790,150,150,http://localhost/login,7071,0,1,,,,,,
1.65546E+12,3536,addProductToCart,200,OK,Workers 1-99,text,TRUE,,3233,836,150,150,http://localhost/addToCart,3536,0,0,,,,,,
1.65546E+12,7133,Login,200,OK,Workers 1-100,text,TRUE,,3194,825,150,150,http://localhost/login,7133,0,1,,,,,,
1.65546E+12,7161,Login,200,OK,Workers 1-102,text,TRUE,,3194,791,150,150,http://localhost/login,7161,0,1,,,,,,
1.65546E+12,7183,Login,200,OK,Workers 1-101,text,TRUE,,3196,836,150,150,http://localhost/login,7182,0,0,,,,,,
1.65546E+12,7203,Login,200,OK,Workers 1-104,text,TRUE,,3196,801,150,150,http://localhost/login,7203,0,1,,,,,,
1.65546E+12,7241,addProductToCart,200,OK,Workers 1-4,text,TRUE,,3231,795,150,150,http://localhost/addToCart,7241,0,0,,,,,,
1.65546E+12,7296,Login,200,OK,Workers 1-105,text,TRUE,,3195,791,150,150,http://localhost/login,7296,0,1,,,,,,
1.65546E+12,7325,Login,200,OK,Workers 1-108,text,TRUE,,3195,821,150,150,http://localhost/login,7325,0,0,,,,,,
1.65546E+12,7346,Login,200,OK,Workers 1-107,text,TRUE,,3195,786,150,150,http://localhost/login,7346,0,1,,,,,,
1.65546E+12,4113,addProductToCart,200,OK,Workers 1-109,text,TRUE,,3233,820,150,150,http://localhost/addToCart,4113,0,1,,,,,,
1.65546E+12,7385,addProductToCart,200,OK,Workers 1-5,text,TRUE,,3231,845,150,150,http://localhost/addToCart,7385,0,1,,,,,,
1.65546E+12,4249,addProductToCart,200,OK,Workers 1-110,text,TRUE,,3233,835,150,150,http://localhost/addToCart,4249,0,1,,,,,,
1.65546E+12,7457,Login,200,OK,Workers 1-112,text,TRUE,,3197,811,150,150,http://localhost/login,7457,0,0,,,,,,
1.65546E+12,7479,Login,200,OK,Workers 1-113,text,TRUE,,3195,796,150,150,http://localhost/login,7479,0,0,,,,,,
1.65546E+12,4428,addProductToCart,200,OK,Workers 1-111,text,TRUE,,3232,796,150,150,http://localhost/addToCart,4428,0,0,,,,,,
1.65546E+12,4517,addProductToCart,200,OK,Workers 1-41,text,TRUE,,3232,806,150,150,http://localhost/addToCart,4517,0,0,,,,,,
1.65546E+12,1270,Purchase Items,200,OK,Workers 1-77,text,TRUE,,3608,1987,150,150,http://localhost/purchaseCart,1270,0,0,,,,,,
1.65546E+12,767,Purchase Items,200,OK,Workers 1-93,text,TRUE,,3618,2071,150,150,http://localhost/purchaseCart,767,0,0,,,,,,
1.65546E+12,4595,addProductToCart,200,OK,Workers 1-115,text,TRUE,,3233,821,150,150,http://localhost/addToCart,4595,0,1,,,,,,
1.65546E+12,7646,Login,200,OK,Workers 1-116,text,TRUE,,3193,811,150,150,http://localhost/login,7646,0,1,,,,,,
1.65546E+12,4728,addProductToCart,200,OK,Workers 1-114,text,TRUE,,3232,846,150,150,http://localhost/addToCart,4728,0,0,,,,,,
1.65546E+12,4823,addProductToCart,200,OK,Workers 1-117,text,TRUE,,3231,831,150,150,http://localhost/addToCart,4822,0,0,,,,,,
1.65546E+12,7770,Login,200,OK,Workers 1-118,text,TRUE,,3197,816,150,150,http://localhost/login,7770,0,1,,,,,,
1.65546E+12,7787,Login,200,OK,Workers 1-120,text,TRUE,,3195,821,150,150,http://localhost/login,7786,0,1,,,,,,
1.65546E+12,7811,Login,200,OK,Workers 1-121,text,TRUE,,3195,801,150,150,http://localhost/login,7811,0,1,,,,,,
1.65546E+12,7852,Login,200,OK,Workers 1-119,text,TRUE,,3196,791,150,150,http://localhost/login,7852,0,0,,,,,,
1.65546E+12,7880,Login,200,OK,Workers 1-123,text,TRUE,,3196,806,150,150,http://localhost/login,7880,0,1,,,,,,
1.65546E+12,5273,addProductToCart,200,OK,Workers 1-124,text,TRUE,,3233,836,150,150,http://localhost/addToCart,5272,0,0,,,,,,
1.65546E+12,8040,Login,200,OK,Workers 1-127,text,TRUE,,3195,831,150,150,http://localhost/login,8040,0,0,,,,,,
1.65546E+12,8081,Login,200,OK,Workers 1-125,text,TRUE,,3196,811,150,150,http://localhost/login,8081,0,1,,,,,,
1.65546E+12,8233,Login,200,OK,Workers 1-128,text,TRUE,,3197,821,150,150,http://localhost/login,8233,0,0,,,,,,
1.65546E+12,5700,addProductToCart,200,OK,Workers 1-129,text,TRUE,,3232,821,150,150,http://localhost/addToCart,5700,0,0,,,,,,
1.65546E+12,8324,Login,200,OK,Workers 1-130,text,TRUE,,3195,826,150,150,http://localhost/login,8324,0,0,,,,,,
1.65546E+12,8349,Login,200,OK,Workers 1-131,text,TRUE,,3197,821,150,150,http://localhost/login,8349,0,1,,,,,,
1.65546E+12,6005,addProductToCart,200,OK,Workers 1-132,text,TRUE,,3232,816,150,150,http://localhost/addToCart,6005,0,0,,,,,,
1.65546E+12,8462,Login,200,OK,Workers 1-135,text,TRUE,,3195,826,150,150,http://localhost/login,8461,0,0,,,,,,
1.65546E+12,8490,Login,200,OK,Workers 1-138,text,TRUE,,3197,806,150,150,http://localhost/login,8490,0,0,,,,,,
1.65546E+12,6228,addProductToCart,200,OK,Workers 1-137,text,TRUE,,3232,811,150,150,http://localhost/addToCart,6228,0,0,,,,,,
1.65546E+12,8635,Login,200,OK,Workers 1-139,text,TRUE,,3196,811,150,150,http://localhost/login,8635,0,0,,,,,,
1.65546E+12,6443,logout,200,OK,Workers 1-15,text,TRUE,,2377,452,150,150,http://localhost/logout,6443,0,1,,,,,,
1.65546E+12,0,Debug Sampler,200,OK,Workers 1-15,text,TRUE,,480,0,150,150,null,0,0,0,,,,,,
1.65546E+12,6549,addProductToCart,200,OK,Workers 1-134,text,TRUE,,3232,826,149,149,http://localhost/addToCart,6549,0,0,,,,,,
1.65546E+12,8972,Login,200,OK,Workers 1-141,text,TRUE,,3196,821,149,149,http://localhost/login,8972,0,0,,,,,,
1.65546E+12,6885,addProductToCart,200,OK,Workers 1-143,text,TRUE,,3232,826,149,149,http://localhost/addToCart,6884,0,0,,,,,,
1.65546E+12,9032,addProductToCart,200,OK,Workers 1-39,text,TRUE,,3232,806,149,149,http://localhost/addToCart,9032,0,1,,,,,,
1.65546E+12,9055,Login,200,OK,Workers 1-144,text,TRUE,,3196,826,149,149,http://localhost/login,9055,0,0,,,,,,
1.65546E+12,9093,Login,200,OK,Workers 1-145,text,TRUE,,3196,811,149,149,http://localhost/login,9093,0,0,,,,,,
1.65546E+12,9115,Login,200,OK,Workers 1-146,text,TRUE,,3196,826,149,149,http://localhost/login,9115,0,0,,,,,,
1.65546E+12,7169,addProductToCart,200,OK,Workers 1-38,text,TRUE,,3231,806,149,149,http://localhost/addToCart,7169,0,0,,,,,,
1.65546E+12,9192,Login,200,OK,Workers 1-147,text,TRUE,,3196,801,149,149,http://localhost/login,9192,0,0,,,,,,
1.65546E+12,7294,addProductToCart,200,OK,Workers 1-142,text,TRUE,,3231,796,149,149,http://localhost/addToCart,7294,0,1,,,,,,
1.65546E+12,9281,Login,200,OK,Workers 1-148,text,TRUE,,3196,786,149,149,http://localhost/login,9280,0,1,,,,,,
1.65546E+12,9326,Login,200,OK,Workers 1-149,text,TRUE,,3195,801,149,149,http://localhost/login,9326,0,1,,,,,,
1.65546E+12,9350,Login,200,OK,Workers 1-150,text,TRUE,,3197,831,149,149,http://localhost/login,9350,0,0,,,,,,
1.65546E+12,9357,addProductToCart,200,OK,Workers 1-6,text,TRUE,,3233,815,149,149,http://localhost/addToCart,9357,0,1,,,,,,
1.65546E+12,7879,addProductToCart,200,OK,Workers 1-34,text,TRUE,,3231,796,149,149,http://localhost/addToCart,7879,0,1,,,,,,
1.65546E+12,7950,addProductToCart,200,OK,Workers 1-33,text,TRUE,,3232,816,149,149,http://localhost/addToCart,7950,0,1,,,,,,
1.65546E+12,8021,addProductToCart,200,OK,Workers 1-32,text,TRUE,,3232,811,149,149,http://localhost/addToCart,8021,0,0,,,,,,
1.65546E+12,9471,addProductToCart,200,OK,Workers 1-30,text,TRUE,,3233,841,149,149,http://localhost/addToCart,9471,0,0,,,,,,
1.65546E+12,9387,addProductToCart,200,OK,Workers 1-27,text,TRUE,,3232,841,149,149,http://localhost/addToCart,9387,0,0,,,,,,
1.65546E+12,589,Purchase Items,200,OK,Workers 1-38,text,TRUE,,3605,1999,149,149,http://localhost/purchaseCart,589,0,1,,,,,,
1.65546E+12,744,Purchase Items,200,OK,Workers 1-39,text,TRUE,,3606,2071,149,149,http://localhost/purchaseCart,744,0,0,,,,,,
1.65546E+12,9322,addProductToCart,200,OK,Workers 1-23,text,TRUE,,3232,836,149,149,http://localhost/addToCart,9322,0,1,,,,,,
1.65546E+12,8732,addProductToCart,200,OK,Workers 1-21,text,TRUE,,3232,801,149,149,http://localhost/addToCart,8732,0,0,,,,,,
1.65546E+12,8805,addProductToCart,200,OK,Workers 1-20,text,TRUE,,3232,811,149,149,http://localhost/addToCart,8805,0,0,,,,,,
1.65546E+12,9429,addProductToCart,200,OK,Workers 1-9,text,TRUE,,3233,845,149,149,http://localhost/addToCart,9429,0,0,,,,,,
1.65546E+12,9062,addProductToCart,200,OK,Workers 1-14,text,TRUE,,3232,816,149,149,http://localhost/addToCart,9062,0,1,,,,,,
1.65546E+12,9137,addProductToCart,200,OK,Workers 1-18,text,TRUE,,3232,846,149,149,http://localhost/addToCart,9137,0,1,,,,,,
1.65546E+12,9419,addProductToCart,200,OK,Workers 1-13,text,TRUE,,3232,806,149,149,http://localhost/addToCart,9419,0,0,,,,,,
1.65546E+12,9356,addProductToCart,200,OK,Workers 1-10,text,TRUE,,3231,825,149,149,http://localhost/addToCart,9356,0,1,,,,,,
1.65546E+12,9436,addProductToCart,200,OK,Workers 1-1,text,TRUE,,3233,845,149,149,http://localhost/addToCart,9436,0,0,,,,,,
1.65546E+12,9135,addProductToCart,200,OK,Workers 1-22,text,TRUE,,3232,816,149,149,http://localhost/addToCart,9135,0,1,,,,,,
1.65546E+12,822,logout,200,OK,Workers 1-38,text,TRUE,,2377,479,149,149,http://localhost/logout,822,0,0,,,,,,
1.65546E+12,0,Debug Sampler,200,OK,Workers 1-38,text,TRUE,,480,0,149,149,null,0,0,0,,,,,,
1.65546E+12,835,logout,200,OK,Workers 1-39,text,TRUE,,2378,449,148,148,http://localhost/logout,835,0,0,,,,,,
1.65546E+12,0,Debug Sampler,200,OK,Workers 1-39,text,TRUE,,480,0,148,148,null,0,0,0,,,,,,
1.65546E+12,8928,addProductToCart,200,OK,Workers 1-36,text,TRUE,,3232,801,147,147,http://localhost/addToCart,8928,0,1,,,,,,
1.65546E+12,8942,addProductToCart,200,OK,Workers 1-37,text,TRUE,,3230,806,147,147,http://localhost/addToCart,8942,0,1,,,,,,
1.65546E+12,8928,addProductToCart,200,OK,Workers 1-35,text,TRUE,,3232,801,147,147,http://localhost/addToCart,8928,0,1,,,,,,
1.65546E+12,1439,addProductToCart,200,OK,Workers 1-150,text,TRUE,,3232,796,147,147,http://localhost/addToCart,1439,0,1,,,,,,
1.65546E+12,9044,addProductToCart,200,OK,Workers 1-40,text,TRUE,,3231,826,147,147,http://localhost/addToCart,9044,0,0,,,,,,
1.65546E+12,1708,addProductToCart,200,OK,Workers 1-148,text,TRUE,,3231,831,147,147,http://localhost/addToCart,1708,0,0,,,,,,
1.65546E+12,2123,addProductToCart,200,OK,Workers 1-145,text,TRUE,,3232,846,147,147,http://localhost/addToCart,2123,0,1,,,,,,
1.65546E+12,2406,addProductToCart,200,OK,Workers 1-144,text,TRUE,,3232,836,147,147,http://localhost/addToCart,2406,0,1,,,,,,
1.65546E+12,2600,addProductToCart,200,OK,Workers 1-141,text,TRUE,,3232,816,147,147,http://localhost/addToCart,2599,0,1,,,,,,
1.65546E+12,9612,addProductToCart,200,OK,Workers 1-140,text,TRUE,,3232,836,147,147,http://localhost/addToCart,9612,0,1,,,,,,
1.65546E+12,3253,addProductToCart,200,OK,Workers 1-139,text,TRUE,,3232,811,147,147,http://localhost/addToCart,3253,0,0,,,,,,
1.65546E+12,3573,addProductToCart,200,OK,Workers 1-135,text,TRUE,,3231,811,147,147,http://localhost/addToCart,3573,0,0,,,,,,
1.65546E+12,9617,addProductToCart,200,OK,Workers 1-133,text,TRUE,,3231,806,147,147,http://localhost/addToCart,9617,0,0,,,,,,
1.65546E+12,4499,addProductToCart,200,OK,Workers 1-125,text,TRUE,,3232,806,147,147,http://localhost/addToCart,4499,0,1,,,,,,
1.65546E+12,4575,addProductToCart,200,OK,Workers 1-127,text,TRUE,,3233,821,147,147,http://localhost/addToCart,4575,0,0,,,,,,
1.65546E+12,9962,addProductToCart,200,OK,Workers 1-126,text,TRUE,,3231,816,147,147,http://localhost/addToCart,9962,0,0,,,,,,
1.65546E+12,10169,addProductToCart,200,OK,Workers 1-122,text,TRUE,,3232,821,147,147,http://localhost/addToCart,10168,0,0,,,,,,
1.65546E+12,5162,addProductToCart,200,OK,Workers 1-119,text,TRUE,,3231,846,147,147,http://localhost/addToCart,5162,0,0,,,,,,
1.65546E+12,5241,addProductToCart,200,OK,Workers 1-121,text,TRUE,,3232,826,147,147,http://localhost/addToCart,5241,0,0,,,,,,
1.65546E+12,5318,addProductToCart,200,OK,Workers 1-120,text,TRUE,,3232,831,147,147,http://localhost/addToCart,5318,0,0,,,,,,
1.65546E+12,5392,addProductToCart,200,OK,Workers 1-118,text,TRUE,,3233,846,147,147,http://localhost/addToCart,5392,0,1,,,,,,
1.65546E+12,5649,addProductToCart,200,OK,Workers 1-116,text,TRUE,,3232,806,147,147,http://localhost/addToCart,5649,0,1,,,,,,
1.65546E+12,5826,logout,200,OK,Workers 1-77,text,TRUE,,2378,458,147,147,http://localhost/logout,5826,0,0,,,,,,
1.65546E+12,0,Debug Sampler,200,OK,Workers 1-77,text,TRUE,,480,0,147,147,null,0,0,0,,,,,,
1.65546E+12,5841,logout,200,OK,Workers 1-93,text,TRUE,,2377,464,146,146,http://localhost/logout,5841,0,1,,,,,,
1.65546E+12,0,Debug Sampler,200,OK,Workers 1-93,text,TRUE,,480,0,146,146,null,0,0,0,,,,,,
1.65546E+12,6065,addProductToCart,200,OK,Workers 1-112,text,TRUE,,3231,801,145,145,http://localhost/addToCart,6065,0,1,,,,,,
1.65546E+12,6409,addProductToCart,200,OK,Workers 1-107,text,TRUE,,3232,845,145,145,http://localhost/addToCart,6409,0,1,,,,,,
1.65546E+12,6477,addProductToCart,200,OK,Workers 1-108,text,TRUE,,3232,810,145,145,http://localhost/addToCart,6477,0,0,,,,,,
1.65546E+12,10474,addProductToCart,200,OK,Workers 1-106,text,TRUE,,3232,805,145,145,http://localhost/addToCart,10474,0,0,,,,,,
1.65546E+12,6595,addProductToCart,200,OK,Workers 1-105,text,TRUE,,3232,805,145,145,http://localhost/addToCart,6595,0,0,,,,,,
1.65546E+12,10616,addProductToCart,200,OK,Workers 1-103,text,TRUE,,3232,840,145,145,http://localhost/addToCart,10616,0,0,,,,,,
1.65546E+12,7019,addProductToCart,200,OK,Workers 1-104,text,TRUE,,3233,830,145,145,http://localhost/addToCart,7019,0,0,,,,,,
1.65546E+12,7089,addProductToCart,200,OK,Workers 1-101,text,TRUE,,3232,840,145,145,http://localhost/addToCart,7089,0,0,,,,,,
1.65546E+12,7163,addProductToCart,200,OK,Workers 1-102,text,TRUE,,3232,795,145,145,http://localhost/addToCart,7163,0,0,,,,,,
1.65546E+12,7237,addProductToCart,200,OK,Workers 1-100,text,TRUE,,3231,841,145,145,http://localhost/addToCart,7237,0,0,,,,,,
1.65546E+12,7411,addProductToCart,200,OK,Workers 1-98,text,TRUE,,3232,831,145,145,http://localhost/addToCart,7411,0,1,,,,,,
1.65546E+12,10870,addProductToCart,200,OK,Workers 1-97,text,TRUE,,3231,846,145,145,http://localhost/addToCart,10870,0,1,,,,,,
1.65546E+12,10827,addProductToCart,200,OK,Workers 1-95,text,TRUE,,3231,821,145,145,http://localhost/addToCart,10826,0,1,,,,,,
1.65546E+12,7689,logout,200,OK,Workers 1-72,text,TRUE,,2378,473,145,145,http://localhost/logout,7689,0,0,,,,,,
1.65546E+12,0,Debug Sampler,200,OK,Workers 1-72,text,TRUE,,480,0,145,145,null,0,0,0,,,,,,
1.65546E+12,7717,logout,200,OK,Workers 1-58,text,TRUE,,2377,479,144,144,http://localhost/logout,7717,0,0,,,,,,
1.65546E+12,0,Debug Sampler,200,OK,Workers 1-58,text,TRUE,,479,0,144,144,null,0,0,0,,,,,,
1.65546E+12,11170,addProductToCart,200,OK,Workers 1-89,text,TRUE,,3231,796,143,143,http://localhost/addToCart,11170,0,0,,,,,,
1.65546E+12,8531,addProductToCart,200,OK,Workers 1-86,text,TRUE,,3233,841,143,143,http://localhost/addToCart,8531,0,1,,,,,,
1.65546E+12,8716,addProductToCart,200,OK,Workers 1-81,text,TRUE,,3231,806,143,143,http://localhost/addToCart,8716,0,0,,,,,,
1.65546E+12,8834,addProductToCart,200,OK,Workers 1-80,text,TRUE,,3233,846,143,143,http://localhost/addToCart,8834,0,0,,,,,,
1.65546E+12,9065,addProductToCart,200,OK,Workers 1-79,text,TRUE,,3233,811,143,143,http://localhost/addToCart,9065,0,0,,,,,,
1.65546E+12,9343,logout,200,OK,Workers 1-69,text,TRUE,,2376,473,143,143,http://localhost/logout,9343,0,1,,,,,,
1.65546E+12,0,Debug Sampler,200,OK,Workers 1-69,text,TRUE,,479,0,143,143,null,0,0,0,,,,,,
1.65546E+12,9667,addProductToCart,200,OK,Workers 1-73,text,TRUE,,3232,821,142,142,http://localhost/addToCart,9667,0,0,,,,,,
1.65546E+12,11450,addProductToCart,200,OK,Workers 1-43,text,TRUE,,3231,821,142,142,http://localhost/addToCart,11450,0,1,,,,,,
1.65546E+12,11539,addProductToCart,200,OK,Workers 1-68,text,TRUE,,3231,841,142,142,http://localhost/addToCart,11539,0,1,,,,,,
1.65546E+12,11480,addProductToCart,200,OK,Workers 1-66,text,TRUE,,3232,816,142,142,http://localhost/addToCart,11480,0,1,,,,,,
1.65546E+12,11472,addProductToCart,200,OK,Workers 1-65,text,TRUE,,3233,816,142,142,http://localhost/addToCart,11472,0,1,,,,,,
1.65546E+12,10396,addProductToCart,200,OK,Workers 1-64,text,TRUE,,3230,841,142,142,http://localhost/addToCart,10396,0,1,,,,,,
1.65546E+12,11464,addProductToCart,200,OK,Workers 1-63,text,TRUE,,3233,801,142,142,http://localhost/addToCart,11464,0,1,,,,,,
1.65546E+12,10534,addProductToCart,200,OK,Workers 1-62,text,TRUE,,3233,816,142,142,http://localhost/addToCart,10534,0,1,,,,,,
1.65546E+12,10610,addProductToCart,200,OK,Workers 1-61,text,TRUE,,3231,846,142,142,http://localhost/addToCart,10610,0,0,,,,,,
1.65546E+12,10690,addProductToCart,200,OK,Workers 1-60,text,TRUE,,3233,816,142,142,http://localhost/addToCart,10690,0,1,,,,,,
1.65546E+12,10892,addProductToCart,200,OK,Workers 1-56,text,TRUE,,3232,801,142,142,http://localhost/addToCart,10892,0,0,,,,,,
1.65546E+12,10963,addProductToCart,200,OK,Workers 1-54,text,TRUE,,3233,836,142,142,http://localhost/addToCart,10963,0,1,,,,,,
1.65546E+12,11152,addProductToCart,200,OK,Workers 1-53,text,TRUE,,3231,831,142,142,http://localhost/addToCart,11152,0,0,,,,,,
1.65546E+12,11289,addProductToCart,200,OK,Workers 1-50,text,TRUE,,3232,801,142,142,http://localhost/addToCart,11289,0,0,,,,,,
1.65546E+12,11514,addProductToCart,200,OK,Workers 1-52,text,TRUE,,3232,816,142,142,http://localhost/addToCart,11514,0,1,,,,,,
1.65546E+12,11466,addProductToCart,200,OK,Workers 1-46,text,TRUE,,3233,796,142,142,http://localhost/addToCart,11466,0,1,,,,,,
1.65546E+12,11541,addProductToCart,200,OK,Workers 1-2,text,TRUE,,3232,840,142,142,http://localhost/addToCart,11541,0,0,,,,,,
1.65546E+12,11376,addProductToCart,200,OK,Workers 1-70,text,TRUE,,3233,826,142,142,http://localhost/addToCart,11376,0,0,,,,,,
1.65546E+12,11372,addProductToCart,200,OK,Workers 1-71,text,TRUE,,3232,826,142,142,http://localhost/addToCart,11372,0,0,,,,,,
1.65546E+12,14277,Purchase Items,200,OK,Workers 1-42,text,TRUE,,3602,2035,142,142,http://localhost/purchaseCart,14277,0,0,,,,,,
1.65546E+12,12494,Purchase Items,200,OK,Workers 1-59,text,TRUE,,3601,1987,142,142,http://localhost/purchaseCart,12494,0,0,,,,,,
1.65546E+12,11608,addProductToCart,200,OK,Workers 1-82,text,TRUE,,3232,836,142,142,http://localhost/addToCart,11608,0,1,,,,,,
1.65546E+12,11671,addProductToCart,200,OK,Workers 1-83,text,TRUE,,3232,796,142,142,http://localhost/addToCart,11671,0,1,,,,,,
1.65546E+12,14227,addProductToCart,200,OK,Workers 1-85,text,TRUE,,3232,816,142,142,http://localhost/addToCart,14227,0,0,,,,,,
1.65546E+12,14472,addProductToCart,200,OK,Workers 1-87,text,TRUE,,3233,816,142,142,http://localhost/addToCart,14472,0,1,,,,,,
1.65546E+12,11780,addProductToCart,200,OK,Workers 1-88,text,TRUE,,3232,826,142,142,http://localhost/addToCart,11780,0,1,,,,,,
1.65546E+12,12722,Purchase Items,200,OK,Workers 1-45,text,TRUE,,3603,2071,142,142,http://localhost/purchaseCart,12722,0,1,,,,,,
1.65546E+12,12514,Purchase Items,200,OK,Workers 1-44,text,TRUE,,3601,2011,142,142,http://localhost/purchaseCart,12514,0,0,,,,,,
1.65546E+12,12617,Purchase Items,200,OK,Workers 1-75,text,TRUE,,3601,1999,142,142,http://localhost/purchaseCart,12617,0,1,,,,,,
1.65546E+12,11969,addProductToCart,200,OK,Workers 1-94,text,TRUE,,3232,796,142,142,http://localhost/addToCart,11969,0,0,,,,,,
1.65546E+12,11968,addProductToCart,200,OK,Workers 1-96,text,TRUE,,3231,821,142,142,http://localhost/addToCart,11968,0,1,,,,,,
1.65546E+12,13116,Purchase Items,200,OK,Workers 1-76,text,TRUE,,3603,1963,142,142,http://localhost/purchaseCart,13116,0,0,,,,,,
1.65546E+12,12417,addProductToCart,200,OK,Workers 1-113,text,TRUE,,3232,801,142,142,http://localhost/addToCart,12417,0,1,,,,,,
1.65546E+12,12148,addProductToCart,200,OK,Workers 1-123,text,TRUE,,3233,826,142,142,http://localhost/addToCart,12148,0,1,,,,,,
1.65546E+12,12827,Purchase Items,200,OK,Workers 1-5,text,TRUE,,3602,1999,142,142,http://localhost/purchaseCart,12827,0,1,,,,,,
1.65546E+12,18641,Purchase Items,200,OK,Workers 1-31,text,TRUE,,3602,2035,142,142,http://localhost/purchaseCart,18641,0,0,,,,,,
1.65546E+12,18905,Purchase Items,200,OK,Workers 1-29,text,TRUE,,3603,2047,142,142,http://localhost/purchaseCart,18905,0,1,,,,,,
1.65546E+12,12399,addProductToCart,200,OK,Workers 1-128,text,TRUE,,3231,831,142,142,http://localhost/addToCart,12399,0,0,,,,,,
1.65546E+12,12428,addProductToCart,200,OK,Workers 1-130,text,TRUE,,3232,831,142,142,http://localhost/addToCart,12428,0,0,,,,,,
1.65546E+12,12421,addProductToCart,200,OK,Workers 1-131,text,TRUE,,3232,846,142,142,http://localhost/addToCart,12421,0,1,,,,,,
1.65546E+12,18391,addProductToCart,200,OK,Workers 1-136,text,TRUE,,3232,821,142,142,http://localhost/addToCart,18391,0,0,,,,,,
1.65546E+12,12283,addProductToCart,200,OK,Workers 1-138,text,TRUE,,3232,821,142,142,http://localhost/addToCart,12283,0,1,,,,,,
1.65546E+12,12837,addProductToCart,200,OK,Workers 1-146,text,TRUE,,3231,831,142,142,http://localhost/addToCart,12837,0,0,,,,,,
1.65546E+12,12779,addProductToCart,200,OK,Workers 1-147,text,TRUE,,3232,806,142,142,http://localhost/addToCart,12779,0,1,,,,,,
1.65546E+12,12954,addProductToCart,200,OK,Workers 1-149,text,TRUE,,3232,826,142,142,http://localhost/addToCart,12954,0,1,,,,,,
1.65546E+12,22688,Purchase Items,200,OK,Workers 1-26,text,TRUE,,3602,2011,142,142,http://localhost/purchaseCart,22688,0,1,,,,,,
1.65546E+12,22659,Purchase Items,200,OK,Workers 1-25,text,TRUE,,3603,1975,142,142,http://localhost/purchaseCart,22659,0,1,,,,,,
1.65546E+12,22943,Purchase Items,200,OK,Workers 1-12,text,TRUE,,3603,2023,142,142,http://localhost/purchaseCart,22943,0,0,,,,,,
1.65546E+12,23219,Purchase Items,200,OK,Workers 1-11,text,TRUE,,3603,2023,142,142,http://localhost/purchaseCart,23219,0,0,,,,,,
1.65546E+12,14063,Purchase Items,200,OK,Workers 1-18,text,TRUE,,3601,2035,142,142,http://localhost/purchaseCart,14063,0,1,,,,,,
1.65546E+12,23183,Purchase Items,200,OK,Workers 1-24,text,TRUE,,3712,1963,142,142,http://localhost/purchaseCart,23183,0,1,,,,,,
1.65546E+12,13879,Purchase Items,200,OK,Workers 1-37,text,TRUE,,3712,2059,142,142,http://localhost/purchaseCart,13879,0,0,,,,,,
1.65546E+12,16345,Purchase Items,200,OK,Workers 1-132,text,TRUE,,3712,1999,142,142,http://localhost/purchaseCart,16345,0,1,,,,,,
1.65546E+12,13800,Purchase Items,200,OK,Workers 1-40,text,TRUE,,3711,1999,142,142,http://localhost/purchaseCart,13800,0,0,,,,,,
1.65546E+12,17284,Purchase Items,200,OK,Workers 1-114,text,TRUE,,3710,2047,142,142,http://localhost/purchaseCart,17284,0,1,,,,,,
1.65546E+12,17260,Purchase Items,200,OK,Workers 1-117,text,TRUE,,3712,1951,142,142,http://localhost/purchaseCart,17260,0,0,,,,,,
1.65546E+12,23548,Purchase Items,200,OK,Workers 1-19,text,TRUE,,3711,2035,142,142,http://localhost/purchaseCart,23548,0,1,,,,,,
1.65546E+12,23312,Purchase Items,200,OK,Workers 1-28,text,TRUE,,3710,2071,142,142,http://localhost/purchaseCart,23312,0,1,,,,,,
1.65546E+12,4394,logout,200,OK,Workers 1-29,text,TRUE,,2376,470,142,142,http://localhost/logout,4394,0,0,,,,,,
1.65546E+12,0,Debug Sampler,200,OK,Workers 1-29,text,TRUE,,480,0,142,142,null,0,0,0,,,,,,
1.65546E+12,17466,Purchase Items,200,OK,Workers 1-115,text,TRUE,,3711,1951,141,141,http://localhost/purchaseCart,17466,0,0,,,,,,
1.65546E+12,17532,Purchase Items,200,OK,Workers 1-41,text,TRUE,,3603,1975,141,141,http://localhost/purchaseCart,17532,0,0,,,,,,
1.65546E+12,4631,logout,200,OK,Workers 1-31,text,TRUE,,2377,464,141,141,http://localhost/logout,4631,0,0,,,,,,
1.65546E+12,0,Debug Sampler,200,OK,Workers 1-31,text,TRUE,,480,0,141,141,null,0,0,0,,,,,,
1.65546E+12,17731,Purchase Items,200,OK,Workers 1-110,text,TRUE,,3711,2035,140,140,http://localhost/purchaseCart,17731,0,1,,,,,,
1.65546E+12,4991,logout,200,OK,Workers 1-5,text,TRUE,,2378,476,140,140,http://localhost/logout,4991,0,1,,,,,,
1.65546E+12,0,Debug Sampler,200,OK,Workers 1-5,text,TRUE,,477,0,140,140,null,0,0,0,,,,,,
1.65546E+12,18029,Purchase Items,200,OK,Workers 1-4,text,TRUE,,3711,1975,139,139,http://localhost/purchaseCart,18029,0,0,,,,,,
1.65546E+12,18196,Purchase Items,200,OK,Workers 1-99,text,TRUE,,3711,1963,139,139,http://localhost/purchaseCart,18196,0,1,,,,,,
1.65546E+12,18435,Purchase Items,200,OK,Workers 1-92,text,TRUE,,3710,1987,139,139,http://localhost/purchaseCart,18435,0,1,,,,,,
1.65546E+12,11903,Purchase Items,200,OK,Workers 1-116,text,TRUE,,3711,1963,139,139,http://localhost/purchaseCart,11903,0,1,,,,,,
1.65546E+12,18522,Purchase Items,200,OK,Workers 1-90,text,TRUE,,3712,2071,139,139,http://localhost/purchaseCart,18522,0,1,,,,,,
1.65546E+12,12170,Purchase Items,200,OK,Workers 1-119,text,TRUE,,3712,2023,139,139,http://localhost/purchaseCart,12170,0,1,,,,,,
1.65546E+12,18502,Purchase Items,200,OK,Workers 1-91,text,TRUE,,3710,1951,139,139,http://localhost/purchaseCart,18502,0,1,,,,,,
1.65546E+12,5866,logout,200,OK,Workers 1-76,text,TRUE,,2377,473,139,139,http://localhost/logout,5866,0,0,,,,,,
1.65546E+12,0,Debug Sampler,200,OK,Workers 1-76,text,TRUE,,479,0,139,139,null,0,0,0,,,,,,
1.65546E+12,18732,Purchase Items,200,OK,Workers 1-84,text,TRUE,,3600,1987,138,138,http://localhost/purchaseCart,18732,0,1,,,,,,
1.65546E+12,11760,Purchase Items,200,OK,Workers 1-112,text,TRUE,,3711,1963,138,138,http://localhost/purchaseCart,11759,0,1,,,,,,
1.65546E+12,18912,Purchase Items,200,OK,Workers 1-78,text,TRUE,,3712,2011,138,138,http://localhost/purchaseCart,18912,0,0,,,,,,
1.65546E+12,11567,Purchase Items,200,OK,Workers 1-108,text,TRUE,,3711,1987,138,138,http://localhost/purchaseCart,11567,0,1,,,,,,
1.65546E+12,6617,logout,200,OK,Workers 1-75,text,TRUE,,2377,470,138,138,http://localhost/logout,6616,0,0,,,,,,
1.65546E+12,0,Debug Sampler,200,OK,Workers 1-75,text,TRUE,,480,0,138,138,null,0,0,0,,,,,,
1.65546E+12,6695,logout,200,OK,Workers 1-44,text,TRUE,,2376,467,137,137,http://localhost/logout,6695,0,1,,,,,,
1.65546E+12,0,Debug Sampler,200,OK,Workers 1-44,text,TRUE,,479,0,137,137,null,0,0,0,,,,,,
1.65546E+12,6876,logout,200,OK,Workers 1-45,text,TRUE,,2377,452,136,136,http://localhost/logout,6876,0,0,,,,,,
1.65546E+12,0,Debug Sampler,200,OK,Workers 1-45,text,TRUE,,480,0,136,136,null,0,0,0,,,,,,
1.65546E+12,19348,Purchase Items,200,OK,Workers 1-74,text,TRUE,,3712,2047,135,135,http://localhost/purchaseCart,19347,0,1,,,,,,
1.65546E+12,10979,Purchase Items,200,OK,Workers 1-95,text,TRUE,,3712,1987,135,135,http://localhost/purchaseCart,10979,0,0,,,,,,
1.65546E+12,7420,logout,200,OK,Workers 1-59,text,TRUE,,2377,470,135,135,http://localhost/logout,7420,0,0,,,,,,
1.65546E+12,0,Debug Sampler,200,OK,Workers 1-59,text,TRUE,,480,0,135,135,null,0,0,0,,,,,,
1.65546E+12,7641,logout,200,OK,Workers 1-42,text,TRUE,,2376,473,134,134,http://localhost/logout,7641,0,1,,,,,,
1.65546E+12,0,Debug Sampler,200,OK,Workers 1-42,text,TRUE,,480,0,134,134,null,0,0,0,,,,,,
1.65546E+12,14280,Purchase Items,200,OK,Workers 1-148,text,TRUE,,3710,1951,133,133,http://localhost/purchaseCart,14280,0,0,,,,,,
1.65546E+12,20102,Purchase Items,200,OK,Workers 1-47,text,TRUE,,3711,2059,133,133,http://localhost/purchaseCart,20102,0,1,,,,,,
1.65546E+12,20183,Purchase Items,200,OK,Workers 1-55,text,TRUE,,3711,1975,133,133,http://localhost/purchaseCart,20183,0,1,,,,,,
1.65546E+12,20154,Purchase Items,200,OK,Workers 1-57,text,TRUE,,3712,1951,133,133,http://localhost/purchaseCart,20154,0,1,,,,,,
1.65546E+12,20322,Purchase Items,200,OK,Workers 1-49,text,TRUE,,3601,2011,133,133,http://localhost/purchaseCart,20322,0,0,,,,,,
1.65546E+12,10161,Purchase Items,200,OK,Workers 1-79,text,TRUE,,3710,2047,133,133,http://localhost/purchaseCart,10161,0,1,,,,,,
1.65546E+12,11493,Purchase Items,200,OK,Workers 1-104,text,TRUE,,3710,2047,133,133,http://localhost/purchaseCart,11493,0,1,,,,,,
1.65546E+12,89,logout,200,OK,Workers 1-104,text,TRUE,,2376,455,133,133,http://localhost/logout,89,0,1,,,,,,
1.65546E+12,0,Debug Sampler,200,OK,Workers 1-104,text,TRUE,,481,0,133,133,null,0,0,0,,,,,,
1.65546E+12,123,logout,200,OK,Workers 1-79,text,TRUE,,2376,473,132,132,http://localhost/logout,123,0,0,,,,,,
1.65546E+12,0,Debug Sampler,200,OK,Workers 1-79,text,TRUE,,480,0,132,132,null,0,0,0,,,,,,
1.65546E+12,10118,Purchase Items,200,OK,Workers 1-73,text,TRUE,,3681,2035,131,131,http://localhost/purchaseCart,10118,0,1,,,,,,
1.65546E+12,11545,Purchase Items,200,OK,Workers 1-102,text,TRUE,,3645,1951,131,131,http://localhost/purchaseCart,11545,0,1,,,,,,
1.65546E+12,9236,Purchase Items,200,OK,Workers 1-52,text,TRUE,,3681,2047,131,131,http://localhost/purchaseCart,9236,0,0,,,,,,
1.65546E+12,20617,Purchase Items,200,OK,Workers 1-51,text,TRUE,,3680,2011,131,131,http://localhost/purchaseCart,20617,0,0,,,,,,
1.65546E+12,4849,Purchase Items,200,OK,Workers 1-138,text,TRUE,,3680,2047,131,131,http://localhost/purchaseCart,4849,0,0,,,,,,
1.65546E+12,230,logout,200,OK,Workers 1-49,text,TRUE,,2378,455,131,131,http://localhost/logout,230,0,0,,,,,,
1.65546E+12,0,Debug Sampler,200,OK,Workers 1-49,text,TRUE,,480,0,131,131,null,0,0,0,,,,,,
1.65546E+12,324,logout,200,OK,Workers 1-57,text,TRUE,,2377,467,130,130,http://localhost/logout,324,0,1,,,,,,
1.65546E+12,0,Debug Sampler,200,OK,Workers 1-57,text,TRUE,,480,0,130,130,null,0,0,0,,,,,,
1.65546E+12,364,logout,200,OK,Workers 1-55,text,TRUE,,2376,449,129,129,http://localhost/logout,364,0,1,,,,,,
1.65546E+12,0,Debug Sampler,200,OK,Workers 1-55,text,TRUE,,480,0,129,129,null,0,0,0,,,,,,
1.65546E+12,380,logout,200,OK,Workers 1-47,text,TRUE,,2377,449,128,128,http://localhost/logout,379,0,1,,,,,,
1.65546E+12,0,Debug Sampler,200,OK,Workers 1-47,text,TRUE,,480,0,128,128,null,0,0,0,,,,,,
1.65546E+12,401,logout,200,OK,Workers 1-148,text,TRUE,,2376,449,127,127,http://localhost/logout,401,0,1,,,,,,
1.65546E+12,0,Debug Sampler,200,OK,Workers 1-148,text,TRUE,,482,0,127,127,null,0,0,0,,,,,,
1.65546E+12,5041,Purchase Items,200,OK,Workers 1-131,text,TRUE,,3680,2071,126,126,http://localhost/purchaseCart,5041,0,0,,,,,,
1.65546E+12,20442,Purchase Items,200,OK,Workers 1-48,text,TRUE,,3681,1999,126,126,http://localhost/purchaseCart,20442,0,0,,,,,,
1.65546E+12,5212,Purchase Items,200,OK,Workers 1-128,text,TRUE,,3680,2023,126,126,http://localhost/purchaseCart,5212,0,1,,,,,,
1.65546E+12,524,logout,200,OK,Workers 1-95,text,TRUE,,2377,458,126,126,http://localhost/logout,524,0,1,,,,,,
1.65546E+12,0,Debug Sampler,200,OK,Workers 1-95,text,TRUE,,480,0,126,126,null,0,0,0,,,,,,
1.65546E+12,557,logout,200,OK,Workers 1-74,text,TRUE,,2376,473,125,125,http://localhost/logout,557,0,0,,,,,,
1.65546E+12,0,Debug Sampler,200,OK,Workers 1-74,text,TRUE,,480,0,125,125,null,0,0,0,,,,,,
1.65546E+12,11655,Purchase Items,200,OK,Workers 1-98,text,TRUE,,3681,1987,124,124,http://localhost/purchaseCart,11655,0,0,,,,,,
1.65546E+12,11855,Purchase Items,200,OK,Workers 1-101,text,TRUE,,3681,1999,124,124,http://localhost/purchaseCart,11855,0,0,,,,,,
1.65546E+12,749,logout,200,OK,Workers 1-108,text,TRUE,,2378,479,124,124,http://localhost/logout,748,0,0,,,,,,
1.65546E+12,0,Debug Sampler,200,OK,Workers 1-108,text,TRUE,,481,0,124,124,null,0,0,0,,,,,,
1.65546E+12,811,logout,200,OK,Workers 1-78,text,TRUE,,2376,458,123,123,http://localhost/logout,811,0,0,,,,,,
1.65546E+12,0,Debug Sampler,200,OK,Workers 1-78,text,TRUE,,480,0,123,123,null,0,0,0,,,,,,
1.65546E+12,12413,Purchase Items,200,OK,Workers 1-107,text,TRUE,,3681,1975,122,122,http://localhost/purchaseCart,12413,0,1,,,,,,
1.65546E+12,871,logout,200,OK,Workers 1-112,text,TRUE,,2377,449,122,122,http://localhost/logout,871,0,0,,,,,,
1.65546E+12,0,Debug Sampler,200,OK,Workers 1-112,text,TRUE,,482,0,122,122,null,0,0,0,,,,,,
1.65546E+12,894,logout,200,OK,Workers 1-84,text,TRUE,,2378,449,121,121,http://localhost/logout,894,0,0,,,,,,
1.65546E+12,0,Debug Sampler,200,OK,Workers 1-84,text,TRUE,,480,0,121,121,null,0,0,0,,,,,,
1.65546E+12,950,logout,200,OK,Workers 1-91,text,TRUE,,2376,479,120,120,http://localhost/logout,950,0,0,,,,,,
1.65546E+12,1,Debug Sampler,200,OK,Workers 1-91,text,TRUE,,480,0,120,120,null,0,0,0,,,,,,
1.65546E+12,967,logout,200,OK,Workers 1-119,text,TRUE,,2378,467,119,119,http://localhost/logout,967,0,0,,,,,,
1.65546E+12,0,Debug Sampler,200,OK,Workers 1-119,text,TRUE,,482,0,119,119,null,0,0,0,,,,,,
1.65546E+12,990,logout,200,OK,Workers 1-116,text,TRUE,,2377,470,118,118,http://localhost/logout,990,0,1,,,,,,
1.65546E+12,0,Debug Sampler,200,OK,Workers 1-116,text,TRUE,,482,0,118,118,null,0,0,0,,,,,,
1.65546E+12,7814,Purchase Items,200,OK,Workers 1-88,text,TRUE,,3680,1975,117,117,http://localhost/purchaseCart,7814,0,1,,,,,,
1.65546E+12,14192,Purchase Items,200,OK,Workers 1-140,text,TRUE,,3680,1951,117,117,http://localhost/purchaseCart,14192,0,1,,,,,,
1.65546E+12,15676,Purchase Items,200,OK,Workers 1-10,text,TRUE,,3617,1963,117,117,http://localhost/purchaseCart,15676,0,0,,,,,,
1.65546E+12,1010,logout,200,OK,Workers 1-90,text,TRUE,,2376,464,117,117,http://localhost/logout,1010,0,1,,,,,,
1.65546E+12,0,Debug Sampler,200,OK,Workers 1-90,text,TRUE,,480,0,117,117,null,0,0,0,,,,,,
1.65546E+12,1033,logout,200,OK,Workers 1-92,text,TRUE,,2377,458,116,116,http://localhost/logout,1033,0,0,,,,,,
1.65546E+12,0,Debug Sampler,200,OK,Workers 1-92,text,TRUE,,480,0,116,116,null,0,0,0,,,,,,
1.65546E+12,10439,Purchase Items,200,OK,Workers 1-43,text,TRUE,,3681,2023,115,115,http://localhost/purchaseCart,10439,0,0,,,,,,
1.65546E+12,7367,Purchase Items,200,OK,Workers 1-96,text,TRUE,,3617,2023,115,115,http://localhost/purchaseCart,7367,0,1,,,,,,
1.65546E+12,1048,logout,200,OK,Workers 1-99,text,TRUE,,2376,458,115,115,http://localhost/logout,1048,0,0,,,,,,
1.65546E+12,0,Debug Sampler,200,OK,Workers 1-99,text,TRUE,,480,0,115,115,null,0,0,0,,,,,,
1.65546E+12,7423,Purchase Items,200,OK,Workers 1-94,text,TRUE,,3680,2023,114,114,http://localhost/purchaseCart,7423,0,0,,,,,,
1.65546E+12,14081,Purchase Items,200,OK,Workers 1-135,text,TRUE,,3680,1951,114,114,http://localhost/purchaseCart,14081,0,1,,,,,,
1.65546E+12,8093,Purchase Items,200,OK,Workers 1-85,text,TRUE,,3681,1999,114,114,http://localhost/purchaseCart,8092,0,1,,,,,,
1.65546E+12,7902,Purchase Items,200,OK,Workers 1-87,text,TRUE,,3680,2035,114,114,http://localhost/purchaseCart,7902,0,1,,,,,,
1.65546E+12,8120,Purchase Items,200,OK,Workers 1-83,text,TRUE,,3681,2059,114,114,http://localhost/purchaseCart,8120,0,0,,,,,,
1.65546E+12,1104,logout,200,OK,Workers 1-4,text,TRUE,,2377,455,114,114,http://localhost/logout,1104,0,1,,,,,,
1.65546E+12,0,Debug Sampler,200,OK,Workers 1-4,text,TRUE,,477,0,114,114,null,0,0,0,,,,,,
1.65546E+12,8259,Purchase Items,200,OK,Workers 1-82,text,TRUE,,3681,1951,113,113,http://localhost/purchaseCart,8259,0,1,,,,,,
1.65546E+12,1179,logout,200,OK,Workers 1-110,text,TRUE,,2378,455,113,113,http://localhost/logout,1178,0,0,,,,,,
1.65546E+12,0,Debug Sampler,200,OK,Workers 1-110,text,TRUE,,481,0,113,113,null,0,0,0,,,,,,
1.65546E+12,9701,Purchase Items,200,OK,Workers 1-2,text,TRUE,,3682,2059,112,112,http://localhost/purchaseCart,9700,0,0,,,,,,
1.65546E+12,1245,logout,200,OK,Workers 1-41,text,TRUE,,2377,479,112,112,http://localhost/logout,1245,0,0,,,,,,
1.65546E+12,0,Debug Sampler,200,OK,Workers 1-41,text,TRUE,,480,0,112,112,null,0,0,0,,,,,,
1.65546E+12,1277,logout,200,OK,Workers 1-115,text,TRUE,,2377,461,111,111,http://localhost/logout,1277,0,1,,,,,,
1.65546E+12,0,Debug Sampler,200,OK,Workers 1-115,text,TRUE,,482,0,111,111,null,0,0,0,,,,,,
1.65546E+12,9053,Purchase Items,200,OK,Workers 1-71,text,TRUE,,3681,2071,110,110,http://localhost/purchaseCart,9053,0,1,,,,,,
1.65546E+12,9108,Purchase Items,200,OK,Workers 1-70,text,TRUE,,3681,1975,110,110,http://localhost/purchaseCart,9108,0,0,,,,,,
1.65546E+12,1346,logout,200,OK,Workers 1-28,text,TRUE,,2376,452,110,110,http://localhost/logout,1346,0,0,,,,,,
1.65546E+12,0,Debug Sampler,200,OK,Workers 1-28,text,TRUE,,480,0,110,110,null,0,0,0,,,,,,
1.65546E+12,1389,logout,200,OK,Workers 1-19,text,TRUE,,2376,452,109,109,http://localhost/logout,1389,0,1,,,,,,
1.65546E+12,0,Debug Sampler,200,OK,Workers 1-19,text,TRUE,,480,0,109,109,null,0,0,0,,,,,,
1.65546E+12,9853,Purchase Items,200,OK,Workers 1-46,text,TRUE,,3682,2059,108,108,http://localhost/purchaseCart,9853,0,1,,,,,,
1.65546E+12,1426,logout,200,OK,Workers 1-117,text,TRUE,,2377,476,108,108,http://localhost/logout,1426,0,1,,,,,,
1.65546E+12,0,Debug Sampler,200,OK,Workers 1-117,text,TRUE,,482,0,108,108,null,0,0,0,,,,,,
1.65546E+12,10072,Purchase Items,200,OK,Workers 1-54,text,TRUE,,3681,2035,107,107,http://localhost/purchaseCart,10072,0,1,,,,,,
1.65546E+12,25018,Purchase Items,200,OK,Workers 1-17,text,TRUE,,3680,2047,107,107,http://localhost/purchaseCart,25018,0,0,,,,,,
1.65546E+12,9970,Purchase Items,200,OK,Workers 1-50,text,TRUE,,3682,1951,107,107,http://localhost/purchaseCart,9970,0,0,,,,,,
1.65546E+12,25073,Purchase Items,200,OK,Workers 1-16,text,TRUE,,3682,1963,107,107,http://localhost/purchaseCart,25073,0,0,,,,,,
1.65546E+12,1504,logout,200,OK,Workers 1-114,text,TRUE,,2376,473,107,107,http://localhost/logout,1504,0,0,,,,,,
1.65546E+12,0,Debug Sampler,200,OK,Workers 1-114,text,TRUE,,482,0,107,107,null,0,0,0,,,,,,
1.65546E+12,10157,Purchase Items,200,OK,Workers 1-56,text,TRUE,,3681,1975,106,106,http://localhost/purchaseCart,10157,0,0,,,,,,
1.65546E+12,11251,Purchase Items,200,OK,Workers 1-80,text,TRUE,,3680,2011,106,106,http://localhost/purchaseCart,11251,0,0,,,,,,
1.65546E+12,3999,Purchase Items,200,OK,Workers 1-149,text,TRUE,,3682,1987,106,106,http://localhost/purchaseCart,3999,0,0,,,,,,
1.65546E+12,1556,logout,200,OK,Workers 1-40,text,TRUE,,2377,455,106,106,http://localhost/logout,1555,0,0,,,,,,
1.65546E+12,0,Debug Sampler,200,OK,Workers 1-40,text,TRUE,,480,0,106,106,null,0,0,0,,,,,,
1.65546E+12,24842,Purchase Items,200,OK,Workers 1-8,text,TRUE,,3603,2071,105,105,http://localhost/purchaseCart,24842,0,1,,,,,,
1.65546E+12,10096,Purchase Items,200,OK,Workers 1-53,text,TRUE,,3681,2071,105,105,http://localhost/purchaseCart,10096,0,0,,,,,,
1.65546E+12,1623,logout,200,OK,Workers 1-132,text,TRUE,,2376,455,105,105,http://localhost/logout,1623,0,1,,,,,,
1.65546E+12,0,Debug Sampler,200,OK,Workers 1-132,text,TRUE,,482,0,105,105,null,0,0,0,,,,,,
1.65546E+12,10360,Purchase Items,200,OK,Workers 1-62,text,TRUE,,3681,1975,104,104,http://localhost/purchaseCart,10360,0,0,,,,,,
1.65546E+12,10261,Purchase Items,200,OK,Workers 1-60,text,TRUE,,3681,1987,104,104,http://localhost/purchaseCart,10261,0,1,,,,,,
1.65546E+12,10325,Purchase Items,200,OK,Workers 1-61,text,TRUE,,3682,1951,104,104,http://localhost/purchaseCart,10325,0,1,,,,,,
1.65546E+12,15528,Purchase Items,200,OK,Workers 1-150,text,TRUE,,3681,2071,104,104,http://localhost/purchaseCart,15528,0,0,,,,,,
1.65546E+12,18500,Purchase Items,200,OK,Workers 1-124,text,TRUE,,3681,2035,104,104,http://localhost/purchaseCart,18500,0,0,,,,,,
1.65546E+12,10460,Purchase Items,200,OK,Workers 1-63,text,TRUE,,3681,2071,104,104,http://localhost/purchaseCart,10460,0,1,,,,,,
1.65546E+12,1767,logout,200,OK,Workers 1-37,text,TRUE,,2376,479,104,104,http://localhost/logout,1766,0,1,,,,,,
1.65546E+12,0,Debug Sampler,200,OK,Workers 1-37,text,TRUE,,479,0,104,104,null,0,0,0,,,,,,
1.65546E+12,1778,logout,200,OK,Workers 1-24,text,TRUE,,2376,458,103,103,http://localhost/logout,1778,0,1,,,,,,
1.65546E+12,0,Debug Sampler,200,OK,Workers 1-24,text,TRUE,,479,0,103,103,null,0,0,0,,,,,,
1.65546E+12,10629,Purchase Items,200,OK,Workers 1-68,text,TRUE,,3682,2071,102,102,http://localhost/purchaseCart,10629,0,0,,,,,,
1.65546E+12,21994,Purchase Items,200,OK,Workers 1-3,text,TRUE,,3681,1999,102,102,http://localhost/purchaseCart,21993,0,0,,,,,,
1.65546E+12,16012,Purchase Items,200,OK,Workers 1-1,text,TRUE,,3680,2047,102,102,http://localhost/purchaseCart,16012,0,0,,,,,,
1.65546E+12,10570,Purchase Items,200,OK,Workers 1-65,text,TRUE,,3682,2023,102,102,http://localhost/purchaseCart,10570,0,1,,,,,,
1.65546E+12,10598,Purchase Items,200,OK,Workers 1-66,text,TRUE,,3681,2035,102,102,http://localhost/purchaseCart,10598,0,1,,,,,,
1.65546E+12,10556,Purchase Items,200,OK,Workers 1-64,text,TRUE,,3682,1987,102,102,http://localhost/purchaseCart,10556,0,1,,,,,,
1.65546E+12,2122,logout,200,OK,Workers 1-18,text,TRUE,,2378,449,102,102,http://localhost/logout,2122,0,0,,,,,,
1.65546E+12,0,Debug Sampler,200,OK,Workers 1-18,text,TRUE,,480,0,102,102,null,0,0,0,,,,,,
1.65546E+12,19127,Purchase Items,200,OK,Workers 1-111,text,TRUE,,3602,2059,101,101,http://localhost/purchaseCart,19127,0,0,,,,,,
1.65546E+12,2206,logout,200,OK,Workers 1-11,text,TRUE,,2377,476,101,101,http://localhost/logout,2206,0,1,,,,,,
1.65546E+12,0,Debug Sampler,200,OK,Workers 1-11,text,TRUE,,480,0,101,101,null,0,0,0,,,,,,
1.65546E+12,13640,Purchase Items,200,OK,Workers 1-122,text,TRUE,,3711,1951,100,100,http://localhost/purchaseCart,13640,0,0,,,,,,
1.65546E+12,15957,Purchase Items,200,OK,Workers 1-22,text,TRUE,,3601,2047,100,100,http://localhost/purchaseCart,15957,0,0,,,,,,
1.65546E+12,15002,Purchase Items,200,OK,Workers 1-144,text,TRUE,,3682,1987,100,100,http://localhost/purchaseCart,15002,0,0,,,,,,
1.65546E+12,12899,Purchase Items,200,OK,Workers 1-106,text,TRUE,,3681,1987,100,100,http://localhost/purchaseCart,12899,0,1,,,,,,
1.65546E+12,16184,Purchase Items,200,OK,Workers 1-13,text,TRUE,,3711,2047,100,100,http://localhost/purchaseCart,16184,0,1,,,,,,
1.65546E+12,17757,Purchase Items,200,OK,Workers 1-134,text,TRUE,,3711,2071,100,100,http://localhost/purchaseCart,17757,0,1,,,,,,
1.65546E+12,16360,Purchase Items,200,OK,Workers 1-20,text,TRUE,,3710,1999,100,100,http://localhost/purchaseCart,16360,0,0,,,,,,
1.65546E+12,12873,Purchase Items,200,OK,Workers 1-105,text,TRUE,,3680,1951,100,100,http://localhost/purchaseCart,12873,0,1,,,,,,
1.65546E+12,2717,logout,200,OK,Workers 1-12,text,TRUE,,2376,458,100,100,http://localhost/logout,2717,0,1,,,,,,
1.65546E+12,0,Debug Sampler,200,OK,Workers 1-12,text,TRUE,,480,0,100,100,null,0,0,0,,,,,,
1.65546E+12,16746,Purchase Items,200,OK,Workers 1-27,text,TRUE,,3711,1975,99,99,http://localhost/purchaseCart,16746,0,1,,,,,,
1.65546E+12,13609,Purchase Items,200,OK,Workers 1-121,text,TRUE,,3710,2071,99,99,http://localhost/purchaseCart,13609,0,0,,,,,,
1.65546E+12,16430,Purchase Items,200,OK,Workers 1-21,text,TRUE,,3711,2059,99,99,http://localhost/purchaseCart,16430,0,1,,,,,,
1.65546E+12,16791,Purchase Items,200,OK,Workers 1-30,text,TRUE,,3712,2035,99,99,http://localhost/purchaseCart,16791,0,0,,,,,,
1.65546E+12,3440,logout,200,OK,Workers 1-25,text,TRUE,,2377,464,99,99,http://localhost/logout,3440,0,0,,,,,,
1.65546E+12,0,Debug Sampler,200,OK,Workers 1-25,text,TRUE,,479,0,99,99,null,0,0,0,,,,,,
1.65546E+12,3468,logout,200,OK,Workers 1-26,text,TRUE,,2378,449,98,98,http://localhost/logout,3467,0,0,,,,,,
1.65546E+12,0,Debug Sampler,200,OK,Workers 1-26,text,TRUE,,480,0,98,98,null,0,0,0,,,,,,
1.65546E+12,17133,Purchase Items,200,OK,Workers 1-6,text,TRUE,,3710,2023,97,97,http://localhost/purchaseCart,17133,0,0,,,,,,
1.65546E+12,16969,Purchase Items,200,OK,Workers 1-34,text,TRUE,,3603,1999,97,97,http://localhost/purchaseCart,16969,0,0,,,,,,
1.65546E+12,16708,Purchase Items,200,OK,Workers 1-23,text,TRUE,,3710,1951,97,97,http://localhost/purchaseCart,16708,0,1,,,,,,
1.65546E+12,42,logout,200,OK,Workers 1-34,text,TRUE,,2377,449,97,97,http://localhost/logout,42,0,1,,,,,,
1.65546E+12,0,Debug Sampler,200,OK,Workers 1-34,text,TRUE,,480,0,97,97,null,0,0,0,,,,,,
1.65546E+12,61,logout,200,OK,Workers 1-6,text,TRUE,,2377,464,96,96,http://localhost/logout,61,0,1,,,,,,
1.65546E+12,0,Debug Sampler,200,OK,Workers 1-6,text,TRUE,,477,0,96,96,null,0,0,0,,,,,,
1.65546E+12,122,logout,200,OK,Workers 1-30,text,TRUE,,2378,479,95,95,http://localhost/logout,122,0,1,,,,,,
1.65546E+12,0,Debug Sampler,200,OK,Workers 1-30,text,TRUE,,480,0,95,95,null,0,0,0,,,,,,
1.65546E+12,155,logout,200,OK,Workers 1-21,text,TRUE,,2376,461,94,94,http://localhost/logout,155,0,1,,,,,,
1.65546E+12,0,Debug Sampler,200,OK,Workers 1-21,text,TRUE,,480,0,94,94,null,0,0,0,,,,,,
1.65546E+12,14142,Purchase Items,200,OK,Workers 1-126,text,TRUE,,3681,1951,93,93,http://localhost/purchaseCart,14142,0,0,,,,,,
1.65546E+12,177,logout,200,OK,Workers 1-121,text,TRUE,,2378,476,93,93,http://localhost/logout,177,0,1,,,,,,
1.65546E+12,0,Debug Sampler,200,OK,Workers 1-121,text,TRUE,,482,0,93,93,null,0,0,0,,,,,,
1.65546E+12,200,logout,200,OK,Workers 1-27,text,TRUE,,2377,473,92,92,http://localhost/logout,199,0,1,,,,,,
1.65546E+12,0,Debug Sampler,200,OK,Workers 1-27,text,TRUE,,480,0,92,92,null,0,0,0,,,,,,
1.65546E+12,232,logout,200,OK,Workers 1-105,text,TRUE,,2465,449,91,91,http://localhost/logout,232,0,1,,,,,,
1.65546E+12,0,Debug Sampler,200,OK,Workers 1-105,text,TRUE,,481,0,91,91,null,0,0,0,,,,,,
1.65546E+12,251,logout,200,OK,Workers 1-20,text,TRUE,,2378,467,90,90,http://localhost/logout,251,0,1,,,,,,
1.65546E+12,0,Debug Sampler,200,OK,Workers 1-20,text,TRUE,,480,0,90,90,null,0,0,0,,,,,,
1.65546E+12,274,logout,200,OK,Workers 1-134,text,TRUE,,2378,470,89,89,http://localhost/logout,274,0,0,,,,,,
1.65546E+12,0,Debug Sampler,200,OK,Workers 1-134,text,TRUE,,482,0,89,89,null,0,0,0,,,,,,
1.65546E+12,293,logout,200,OK,Workers 1-13,text,TRUE,,2377,455,88,88,http://localhost/logout,293,0,0,,,,,,
1.65546E+12,0,Debug Sampler,200,OK,Workers 1-13,text,TRUE,,480,0,88,88,null,0,0,0,,,,,,
1.65546E+12,15226,Purchase Items,200,OK,Workers 1-141,text,TRUE,,3681,1999,87,87,http://localhost/purchaseCart,15226,0,0,,,,,,
1.65546E+12,312,logout,200,OK,Workers 1-144,text,TRUE,,2466,461,87,87,http://localhost/logout,312,0,1,,,,,,
1.65546E+12,0,Debug Sampler,200,OK,Workers 1-144,text,TRUE,,482,0,87,87,null,0,0,0,,,,,,
1.65546E+12,324,logout,200,OK,Workers 1-106,text,TRUE,,2464,467,86,86,http://localhost/logout,324,0,0,,,,,,
1.65546E+12,0,Debug Sampler,200,OK,Workers 1-106,text,TRUE,,481,0,86,86,null,0,0,0,,,,,,
1.65546E+12,347,logout,200,OK,Workers 1-122,text,TRUE,,2376,476,85,85,http://localhost/logout,347,0,1,,,,,,
1.65546E+12,0,Debug Sampler,200,OK,Workers 1-122,text,TRUE,,482,0,85,85,null,0,0,0,,,,,,
1.65546E+12,358,logout,200,OK,Workers 1-22,text,TRUE,,2377,464,84,84,http://localhost/logout,358,0,1,,,,,,
1.65546E+12,0,Debug Sampler,200,OK,Workers 1-22,text,TRUE,,480,0,84,84,null,0,0,0,,,,,,
1.65546E+12,386,logout,200,OK,Workers 1-111,text,TRUE,,2376,479,83,83,http://localhost/logout,386,0,1,,,,,,
1.65546E+12,0,Debug Sampler,200,OK,Workers 1-111,text,TRUE,,482,0,83,83,null,0,0,0,,,,,,
1.65546E+12,397,logout,200,OK,Workers 1-64,text,TRUE,,2464,458,82,82,http://localhost/logout,397,0,0,,,,,,
1.65546E+12,0,Debug Sampler,200,OK,Workers 1-64,text,TRUE,,480,0,82,82,null,0,0,0,,,,,,
1.65546E+12,16198,Purchase Items,200,OK,Workers 1-36,text,TRUE,,3681,2047,81,81,http://localhost/purchaseCart,16198,0,0,,,,,,
1.65546E+12,471,logout,200,OK,Workers 1-65,text,TRUE,,2465,455,81,81,http://localhost/logout,471,0,1,,,,,,
1.65546E+12,0,Debug Sampler,200,OK,Workers 1-65,text,TRUE,,480,0,81,81,null,0,0,0,,,,,,
1.65546E+12,476,logout,200,OK,Workers 1-66,text,TRUE,,2464,470,80,80,http://localhost/logout,476,0,1,,,,,,
1.65546E+12,1,Debug Sampler,200,OK,Workers 1-66,text,TRUE,,480,0,80,80,null,0,0,0,,,,,,
1.65546E+12,484,logout,200,OK,Workers 1-1,text,TRUE,,2464,452,79,79,http://localhost/logout,484,0,1,,,,,,
1.65546E+12,0,Debug Sampler,200,OK,Workers 1-1,text,TRUE,,477,0,79,79,null,0,0,0,,,,,,
1.65546E+12,495,logout,200,OK,Workers 1-3,text,TRUE,,2465,458,78,78,http://localhost/logout,495,0,1,,,,,,
1.65546E+12,0,Debug Sampler,200,OK,Workers 1-3,text,TRUE,,477,0,78,78,null,0,0,0,,,,,,
1.65546E+12,502,logout,200,OK,Workers 1-68,text,TRUE,,2464,461,77,77,http://localhost/logout,502,0,1,,,,,,
1.65546E+12,0,Debug Sampler,200,OK,Workers 1-68,text,TRUE,,480,0,77,77,null,0,0,0,,,,,,
1.65546E+12,529,logout,200,OK,Workers 1-63,text,TRUE,,2463,476,76,76,http://localhost/logout,529,0,1,,,,,,
1.65546E+12,0,Debug Sampler,200,OK,Workers 1-63,text,TRUE,,480,0,76,76,null,0,0,0,,,,,,
1.65546E+12,547,logout,200,OK,Workers 1-124,text,TRUE,,2464,464,75,75,http://localhost/logout,547,0,1,,,,,,
1.65546E+12,0,Debug Sampler,200,OK,Workers 1-124,text,TRUE,,482,0,75,75,null,0,0,0,,,,,,
1.65546E+12,572,logout,200,OK,Workers 1-150,text,TRUE,,2466,449,74,74,http://localhost/logout,572,0,1,,,,,,
1.65546E+12,0,Debug Sampler,200,OK,Workers 1-150,text,TRUE,,482,0,74,74,null,0,0,0,,,,,,
1.65546E+12,585,logout,200,OK,Workers 1-61,text,TRUE,,2464,452,73,73,http://localhost/logout,585,0,0,,,,,,
1.65546E+12,0,Debug Sampler,200,OK,Workers 1-61,text,TRUE,,480,0,73,73,null,0,0,0,,,,,,
1.65546E+12,604,logout,200,OK,Workers 1-60,text,TRUE,,2466,467,72,72,http://localhost/logout,603,0,0,,,,,,
1.65546E+12,0,Debug Sampler,200,OK,Workers 1-60,text,TRUE,,480,0,72,72,null,0,0,0,,,,,,
1.65546E+12,17265,Purchase Items,200,OK,Workers 1-32,text,TRUE,,3680,2047,71,71,http://localhost/purchaseCart,17265,0,0,,,,,,
1.65546E+12,627,logout,200,OK,Workers 1-62,text,TRUE,,2465,449,71,71,http://localhost/logout,627,0,0,,,,,,
1.65546E+12,0,Debug Sampler,200,OK,Workers 1-62,text,TRUE,,480,0,71,71,null,0,0,0,,,,,,
1.65546E+12,646,logout,200,OK,Workers 1-53,text,TRUE,,2466,464,70,70,http://localhost/logout,646,0,1,,,,,,
1.65546E+12,0,Debug Sampler,200,OK,Workers 1-53,text,TRUE,,480,0,70,70,null,0,0,0,,,,,,
1.65546E+12,666,logout,200,OK,Workers 1-8,text,TRUE,,2377,476,69,69,http://localhost/logout,666,0,0,,,,,,
1.65546E+12,0,Debug Sampler,200,OK,Workers 1-8,text,TRUE,,477,0,69,69,null,0,0,0,,,,,,
1.65546E+12,5001,Purchase Items,200,OK,Workers 1-147,text,TRUE,,3605,2023,68,68,http://localhost/purchaseCart,5001,0,0,,,,,,
1.65546E+12,682,logout,200,OK,Workers 1-149,text,TRUE,,2466,464,68,68,http://localhost/logout,682,0,0,,,,,,
1.65546E+12,0,Debug Sampler,200,OK,Workers 1-149,text,TRUE,,482,0,68,68,null,0,0,0,,,,,,
1.65546E+12,18828,Purchase Items,200,OK,Workers 1-129,text,TRUE,,3681,2059,67,67,http://localhost/purchaseCart,18828,0,0,,,,,,
1.65546E+12,715,logout,200,OK,Workers 1-80,text,TRUE,,2465,476,67,67,http://localhost/logout,715,0,1,,,,,,
1.65546E+12,0,Debug Sampler,200,OK,Workers 1-80,text,TRUE,,479,0,67,67,null,0,0,0,,,,,,
1.65546E+12,726,logout,200,OK,Workers 1-56,text,TRUE,,2465,479,66,66,http://localhost/logout,725,0,1,,,,,,
1.65546E+12,0,Debug Sampler,200,OK,Workers 1-56,text,TRUE,,480,0,66,66,null,0,0,0,,,,,,
1.65546E+12,748,logout,200,OK,Workers 1-16,text,TRUE,,2465,473,65,65,http://localhost/logout,748,0,1,,,,,,
1.65546E+12,0,Debug Sampler,200,OK,Workers 1-16,text,TRUE,,480,0,65,65,null,0,0,0,,,,,,
1.65546E+12,764,logout,200,OK,Workers 1-50,text,TRUE,,2465,452,64,64,http://localhost/logout,764,0,1,,,,,,
1.65546E+12,0,Debug Sampler,200,OK,Workers 1-50,text,TRUE,,480,0,64,64,null,0,0,0,,,,,,
1.65546E+12,774,logout,200,OK,Workers 1-17,text,TRUE,,2465,458,63,63,http://localhost/logout,774,0,1,,,,,,
1.65546E+12,0,Debug Sampler,200,OK,Workers 1-17,text,TRUE,,479,0,63,63,null,0,0,0,,,,,,
1.65546E+12,787,logout,200,OK,Workers 1-54,text,TRUE,,2464,467,62,62,http://localhost/logout,787,0,0,,,,,,
1.65546E+12,0,Debug Sampler,200,OK,Workers 1-54,text,TRUE,,480,0,62,62,null,0,0,0,,,,,,
1.65546E+12,823,logout,200,OK,Workers 1-46,text,TRUE,,2465,473,61,61,http://localhost/logout,823,0,0,,,,,,
1.65546E+12,0,Debug Sampler,200,OK,Workers 1-46,text,TRUE,,480,0,61,61,null,0,0,0,,,,,,
1.65546E+12,25308,Purchase Items,200,OK,Workers 1-7,text,TRUE,,3681,2023,60,60,http://localhost/purchaseCart,25308,0,1,,,,,,
1.65546E+12,886,logout,200,OK,Workers 1-70,text,TRUE,,2465,473,60,60,http://localhost/logout,886,0,0,,,,,,
1.65546E+12,0,Debug Sampler,200,OK,Workers 1-70,text,TRUE,,480,0,60,60,null,0,0,0,,,,,,
1.65546E+12,16883,Purchase Items,200,OK,Workers 1-14,text,TRUE,,3680,1999,59,59,http://localhost/purchaseCart,16883,0,1,,,,,,
1.65546E+12,920,logout,200,OK,Workers 1-71,text,TRUE,,2466,464,59,59,http://localhost/logout,920,0,0,,,,,,
1.65546E+12,0,Debug Sampler,200,OK,Workers 1-71,text,TRUE,,480,0,59,59,null,0,0,0,,,,,,
1.65546E+12,14165,Purchase Items,200,OK,Workers 1-120,text,TRUE,,3681,2011,58,58,http://localhost/purchaseCart,14165,0,1,,,,,,
1.65546E+12,974,logout,200,OK,Workers 1-2,text,TRUE,,2465,461,58,58,http://localhost/logout,974,0,0,,,,,,
1.65546E+12,0,Debug Sampler,200,OK,Workers 1-2,text,TRUE,,476,0,58,58,null,0,0,0,,,,,,
1.65546E+12,18125,Purchase Items,200,OK,Workers 1-143,text,TRUE,,3680,2035,57,57,http://localhost/purchaseCart,18125,0,0,,,,,,
1.65546E+12,15098,Purchase Items,200,OK,Workers 1-133,text,TRUE,,3681,2023,57,57,http://localhost/purchaseCart,15098,0,0,,,,,,
1.65546E+12,1025,logout,200,OK,Workers 1-82,text,TRUE,,2465,467,57,57,http://localhost/logout,1025,0,1,,,,,,
1.65546E+12,0,Debug Sampler,200,OK,Workers 1-82,text,TRUE,,480,0,57,57,null,0,0,0,,,,,,
1.65546E+12,5181,Purchase Items,200,OK,Workers 1-146,text,TRUE,,3681,2023,56,56,http://localhost/purchaseCart,5181,0,0,,,,,,
1.65546E+12,1074,logout,200,OK,Workers 1-83,text,TRUE,,2465,476,56,56,http://localhost/logout,1074,0,0,,,,,,
1.65546E+12,0,Debug Sampler,200,OK,Workers 1-83,text,TRUE,,480,0,56,56,null,0,0,0,,,,,,
1.65546E+12,1091,logout,200,OK,Workers 1-87,text,TRUE,,2465,461,55,55,http://localhost/logout,1091,0,0,,,,,,
1.65546E+12,1,Debug Sampler,200,OK,Workers 1-87,text,TRUE,,480,0,55,55,null,0,0,0,,,,,,
1.65546E+12,14717,Purchase Items,200,OK,Workers 1-125,text,TRUE,,3680,1987,54,54,http://localhost/purchaseCart,14717,0,1,,,,,,
1.65546E+12,1110,logout,200,OK,Workers 1-85,text,TRUE,,2465,473,54,54,http://localhost/logout,1110,0,0,,,,,,
1.65546E+12,0,Debug Sampler,200,OK,Workers 1-85,text,TRUE,,480,0,54,54,null,0,0,0,,,,,,
1.65546E+12,1125,logout,200,OK,Workers 1-135,text,TRUE,,2464,452,53,53,http://localhost/logout,1125,0,0,,,,,,
1.65546E+12,0,Debug Sampler,200,OK,Workers 1-135,text,TRUE,,482,0,53,53,null,0,0,0,,,,,,
1.65546E+12,1142,logout,200,OK,Workers 1-96,text,TRUE,,2464,461,52,52,http://localhost/logout,1142,0,0,,,,,,
1.65546E+12,0,Debug Sampler,200,OK,Workers 1-96,text,TRUE,,480,0,52,52,null,0,0,0,,,,,,
1.65546E+12,7311,Purchase Items,200,OK,Workers 1-123,text,TRUE,,3681,1951,51,51,http://localhost/purchaseCart,7311,0,0,,,,,,
1.65546E+12,1149,logout,200,OK,Workers 1-94,text,TRUE,,2466,452,51,51,http://localhost/logout,1149,0,0,,,,,,
1.65546E+12,0,Debug Sampler,200,OK,Workers 1-94,text,TRUE,,479,0,51,51,null,0,0,0,,,,,,
1.65546E+12,1168,logout,200,OK,Workers 1-43,text,TRUE,,2465,455,50,50,http://localhost/logout,1168,0,1,,,,,,
1.65546E+12,0,Debug Sampler,200,OK,Workers 1-43,text,TRUE,,480,0,50,50,null,0,0,0,,,,,,
1.65546E+12,1199,logout,200,OK,Workers 1-10,text,TRUE,,2464,455,49,49,http://localhost/logout,1199,0,0,,,,,,
1.65546E+12,0,Debug Sampler,200,OK,Workers 1-10,text,TRUE,,478,0,49,49,null,0,0,0,,,,,,
1.65546E+12,1211,logout,200,OK,Workers 1-140,text,TRUE,,2465,455,48,48,http://localhost/logout,1211,0,0,,,,,,
1.65546E+12,0,Debug Sampler,200,OK,Workers 1-140,text,TRUE,,482,0,48,48,null,0,0,0,,,,,,
1.65546E+12,1226,logout,200,OK,Workers 1-88,text,TRUE,,2465,458,47,47,http://localhost/logout,1226,0,0,,,,,,
1.65546E+12,0,Debug Sampler,200,OK,Workers 1-88,text,TRUE,,480,0,47,47,null,0,0,0,,,,,,
1.65546E+12,1335,logout,200,OK,Workers 1-107,text,TRUE,,2465,449,46,46,http://localhost/logout,1335,0,0,,,,,,
1.65546E+12,0,Debug Sampler,200,OK,Workers 1-107,text,TRUE,,481,0,46,46,null,0,0,0,,,,,,
1.65546E+12,1434,logout,200,OK,Workers 1-101,text,TRUE,,2466,473,45,45,http://localhost/logout,1434,0,1,,,,,,
1.65546E+12,0,Debug Sampler,200,OK,Workers 1-101,text,TRUE,,481,0,45,45,null,0,0,0,,,,,,
1.65546E+12,1453,logout,200,OK,Workers 1-98,text,TRUE,,2466,476,44,44,http://localhost/logout,1453,0,0,,,,,,
1.65546E+12,0,Debug Sampler,200,OK,Workers 1-98,text,TRUE,,480,0,44,44,null,0,0,0,,,,,,
1.65546E+12,13223,Purchase Items,200,OK,Workers 1-100,text,TRUE,,3681,2047,43,43,http://localhost/purchaseCart,13223,0,0,,,,,,
1.65546E+12,1556,logout,200,OK,Workers 1-128,text,TRUE,,2464,476,43,43,http://localhost/logout,1556,0,1,,,,,,
1.65546E+12,0,Debug Sampler,200,OK,Workers 1-128,text,TRUE,,482,0,43,43,null,0,0,0,,,,,,
1.65546E+12,1577,logout,200,OK,Workers 1-48,text,TRUE,,2465,467,42,42,http://localhost/logout,1577,0,1,,,,,,
1.65546E+12,0,Debug Sampler,200,OK,Workers 1-48,text,TRUE,,480,0,42,42,null,0,0,0,,,,,,
1.65546E+12,1595,logout,200,OK,Workers 1-131,text,TRUE,,2466,476,41,41,http://localhost/logout,1595,0,1,,,,,,
1.65546E+12,0,Debug Sampler,200,OK,Workers 1-131,text,TRUE,,482,0,41,41,null,0,0,0,,,,,,
1.65546E+12,12538,Purchase Items,200,OK,Workers 1-89,text,TRUE,,3680,1951,40,40,http://localhost/purchaseCart,12538,0,1,,,,,,
1.65546E+12,1797,logout,200,OK,Workers 1-51,text,TRUE,,2464,455,40,40,http://localhost/logout,1797,0,0,,,,,,
1.65546E+12,0,Debug Sampler,200,OK,Workers 1-51,text,TRUE,,480,0,40,40,null,0,0,0,,,,,,
1.65546E+12,7701,Purchase Items,200,OK,Workers 1-113,text,TRUE,,3681,1951,39,39,http://localhost/purchaseCart,7701,0,1,,,,,,
1.65546E+12,1809,logout,200,OK,Workers 1-138,text,TRUE,,2465,476,39,39,http://localhost/logout,1809,0,0,,,,,,
1.65546E+12,0,Debug Sampler,200,OK,Workers 1-138,text,TRUE,,482,0,39,39,null,0,0,0,,,,,,
1.65546E+12,1828,logout,200,OK,Workers 1-52,text,TRUE,,2464,467,38,38,http://localhost/logout,1828,0,1,,,,,,
1.65546E+12,0,Debug Sampler,200,OK,Workers 1-52,text,TRUE,,480,0,38,38,null,0,0,0,,,,,,
1.65546E+12,1839,logout,200,OK,Workers 1-102,text,TRUE,,2466,449,37,37,http://localhost/logout,1838,0,1,,,,,,
1.65546E+12,0,Debug Sampler,200,OK,Workers 1-102,text,TRUE,,481,0,37,37,null,0,0,0,,,,,,
1.65546E+12,1845,logout,200,OK,Workers 1-73,text,TRUE,,2464,449,36,36,http://localhost/logout,1845,0,1,,,,,,
1.65546E+12,0,Debug Sampler,200,OK,Workers 1-73,text,TRUE,,480,0,36,36,null,0,0,0,,,,,,
1.65546E+12,35,logout,200,OK,Workers 1-113,text,TRUE,,2465,449,35,35,http://localhost/logout,34,0,0,,,,,,
1.65546E+12,0,Debug Sampler,200,OK,Workers 1-113,text,TRUE,,482,0,35,35,null,0,0,0,,,,,,
1.65546E+12,18164,Purchase Items,200,OK,Workers 1-142,text,TRUE,,3680,1951,34,34,http://localhost/purchaseCart,18164,0,0,,,,,,
1.65546E+12,12543,Purchase Items,200,OK,Workers 1-86,text,TRUE,,3680,1963,34,34,http://localhost/purchaseCart,12542,0,1,,,,,,
1.65546E+12,98,logout,200,OK,Workers 1-89,text,TRUE,,2465,479,34,34,http://localhost/logout,98,0,1,,,,,,
1.65546E+12,0,Debug Sampler,200,OK,Workers 1-89,text,TRUE,,480,0,34,34,null,0,0,0,,,,,,
1.65546E+12,21881,Purchase Items,200,OK,Workers 1-67,text,TRUE,,3681,2023,33,33,http://localhost/purchaseCart,21881,0,1,,,,,,
1.65546E+12,172,logout,200,OK,Workers 1-100,text,TRUE,,2464,479,33,33,http://localhost/logout,172,0,1,,,,,,
1.65546E+12,0,Debug Sampler,200,OK,Workers 1-100,text,TRUE,,481,0,33,33,null,0,0,0,,,,,,
1.65546E+12,13277,Purchase Items,200,OK,Workers 1-97,text,TRUE,,3680,2011,32,32,http://localhost/purchaseCart,13277,0,1,,,,,,
1.65546E+12,13713,Purchase Items,200,OK,Workers 1-103,text,TRUE,,3681,1999,32,32,http://localhost/purchaseCart,13713,0,1,,,,,,
1.65546E+12,290,logout,200,OK,Workers 1-123,text,TRUE,,2465,470,32,32,http://localhost/logout,290,0,1,,,,,,
1.65546E+12,0,Debug Sampler,200,OK,Workers 1-123,text,TRUE,,482,0,32,32,null,0,0,0,,,,,,
1.65546E+12,326,logout,200,OK,Workers 1-125,text,TRUE,,2466,473,31,31,http://localhost/logout,326,0,1,,,,,,
1.65546E+12,0,Debug Sampler,200,OK,Workers 1-125,text,TRUE,,482,0,31,31,null,0,0,0,,,,,,
1.65546E+12,349,logout,200,OK,Workers 1-146,text,TRUE,,2466,476,30,30,http://localhost/logout,349,0,0,,,,,,
1.65546E+12,0,Debug Sampler,200,OK,Workers 1-146,text,TRUE,,482,0,30,30,null,0,0,0,,,,,,
1.65546E+12,386,logout,200,OK,Workers 1-143,text,TRUE,,2465,464,29,29,http://localhost/logout,386,0,0,,,,,,
1.65546E+12,0,Debug Sampler,200,OK,Workers 1-143,text,TRUE,,482,0,29,29,null,0,0,0,,,,,,
1.65546E+12,394,logout,200,OK,Workers 1-133,text,TRUE,,2466,461,28,28,http://localhost/logout,394,0,0,,,,,,
1.65546E+12,0,Debug Sampler,200,OK,Workers 1-133,text,TRUE,,482,0,28,28,null,0,0,0,,,,,,
1.65546E+12,420,logout,200,OK,Workers 1-120,text,TRUE,,2466,458,27,27,http://localhost/logout,420,0,0,,,,,,
1.65546E+12,0,Debug Sampler,200,OK,Workers 1-120,text,TRUE,,482,0,27,27,null,0,0,0,,,,,,
1.65546E+12,441,logout,200,OK,Workers 1-14,text,TRUE,,2466,473,26,26,http://localhost/logout,441,0,1,,,,,,
1.65546E+12,0,Debug Sampler,200,OK,Workers 1-14,text,TRUE,,480,0,26,26,null,0,0,0,,,,,,
1.65546E+12,468,logout,200,OK,Workers 1-7,text,TRUE,,2465,452,25,25,http://localhost/logout,468,0,1,,,,,,
1.65546E+12,0,Debug Sampler,200,OK,Workers 1-7,text,TRUE,,477,0,25,25,null,0,0,0,,,,,,
1.65546E+12,547,logout,200,OK,Workers 1-129,text,TRUE,,2466,455,24,24,http://localhost/logout,547,0,0,,,,,,
1.65546E+12,0,Debug Sampler,200,OK,Workers 1-129,text,TRUE,,482,0,24,24,null,0,0,0,,,,,,
1.65546E+12,16785,Purchase Items,200,OK,Workers 1-35,text,TRUE,,3681,1975,23,23,http://localhost/purchaseCart,16785,0,1,,,,,,
1.65546E+12,571,logout,200,OK,Workers 1-147,text,TRUE,,2465,461,23,23,http://localhost/logout,571,0,0,,,,,,
1.65546E+12,0,Debug Sampler,200,OK,Workers 1-147,text,TRUE,,482,0,23,23,null,0,0,0,,,,,,
1.65546E+12,15714,Purchase Items,200,OK,Workers 1-139,text,TRUE,,3604,1987,22,22,http://localhost/purchaseCart,15714,0,1,,,,,,
1.65546E+12,6916,Purchase Items,200,OK,Workers 1-130,text,TRUE,,3616,2071,22,22,http://localhost/purchaseCart,6916,0,0,,,,,,
1.65546E+12,615,logout,200,OK,Workers 1-32,text,TRUE,,2465,467,22,22,http://localhost/logout,615,0,1,,,,,,
1.65546E+12,0,Debug Sampler,200,OK,Workers 1-32,text,TRUE,,480,0,22,22,null,0,0,0,,,,,,
1.65546E+12,728,logout,200,OK,Workers 1-36,text,TRUE,,2464,458,21,21,http://localhost/logout,728,0,0,,,,,,
1.65546E+12,0,Debug Sampler,200,OK,Workers 1-36,text,TRUE,,479,0,21,21,null,0,0,0,,,,,,
1.65546E+12,14633,Purchase Items,200,OK,Workers 1-118,text,TRUE,,3681,2071,20,20,http://localhost/purchaseCart,14633,0,0,,,,,,
1.65546E+12,849,logout,200,OK,Workers 1-141,text,TRUE,,2465,479,20,20,http://localhost/logout,849,0,1,,,,,,
1.65546E+12,0,Debug Sampler,200,OK,Workers 1-141,text,TRUE,,482,0,20,20,null,0,0,0,,,,,,
1.65546E+12,15139,Purchase Items,200,OK,Workers 1-127,text,TRUE,,3682,1963,19,19,http://localhost/purchaseCart,15139,0,1,,,,,,
1.65546E+12,975,logout,200,OK,Workers 1-126,text,TRUE,,2465,470,19,19,http://localhost/logout,975,0,0,,,,,,
1.65546E+12,0,Debug Sampler,200,OK,Workers 1-126,text,TRUE,,482,0,19,19,null,0,0,0,,,,,,
1.65546E+12,1079,logout,200,OK,Workers 1-23,text,TRUE,,2377,470,18,18,http://localhost/logout,1079,0,1,,,,,,
1.65546E+12,0,Debug Sampler,200,OK,Workers 1-23,text,TRUE,,480,0,18,18,null,0,0,0,,,,,,
1.65546E+12,31,logout,200,OK,Workers 1-127,text,TRUE,,2463,467,17,17,http://localhost/logout,30,0,1,,,,,,
1.65546E+12,0,Debug Sampler,200,OK,Workers 1-127,text,TRUE,,482,0,17,17,null,0,0,0,,,,,,
1.65546E+12,55,logout,200,OK,Workers 1-118,text,TRUE,,2464,467,16,16,http://localhost/logout,55,0,0,,,,,,
1.65546E+12,0,Debug Sampler,200,OK,Workers 1-118,text,TRUE,,482,0,16,16,null,0,0,0,,,,,,
1.65546E+12,19187,Purchase Items,200,OK,Workers 1-137,text,TRUE,,3682,2011,15,15,http://localhost/purchaseCart,19187,0,1,,,,,,
1.65546E+12,6982,Purchase Items,200,OK,Workers 1-136,text,TRUE,,3681,1987,15,15,http://localhost/purchaseCart,6982,0,1,,,,,,
1.65546E+12,122,logout,200,OK,Workers 1-130,text,TRUE,,2464,476,15,15,http://localhost/logout,122,0,0,,,,,,
1.65546E+12,0,Debug Sampler,200,OK,Workers 1-130,text,TRUE,,481,0,15,15,null,0,0,0,,,,,,
1.65546E+12,131,logout,200,OK,Workers 1-139,text,TRUE,,2464,461,14,14,http://localhost/logout,131,0,1,,,,,,
1.65546E+12,0,Debug Sampler,200,OK,Workers 1-139,text,TRUE,,482,0,14,14,null,0,0,0,,,,,,
1.65546E+12,152,logout,200,OK,Workers 1-35,text,TRUE,,2465,473,13,13,http://localhost/logout,152,0,1,,,,,,
1.65546E+12,0,Debug Sampler,200,OK,Workers 1-35,text,TRUE,,480,0,13,13,null,0,0,0,,,,,,
1.65546E+12,16492,Purchase Items,200,OK,Workers 1-145,text,TRUE,,3682,2059,12,12,http://localhost/purchaseCart,16492,0,1,,,,,,
1.65546E+12,20587,Purchase Items,200,OK,Workers 1-109,text,TRUE,,3680,1951,12,12,http://localhost/purchaseCart,20587,0,0,,,,,,
1.65546E+12,261,logout,200,OK,Workers 1-103,text,TRUE,,2466,449,12,12,http://localhost/logout,261,0,1,,,,,,
1.65546E+12,0,Debug Sampler,200,OK,Workers 1-103,text,TRUE,,481,0,12,12,null,0,0,0,,,,,,
1.65546E+12,17589,Purchase Items,200,OK,Workers 1-9,text,TRUE,,3681,1975,11,11,http://localhost/purchaseCart,17589,0,0,,,,,,
1.65546E+12,285,logout,200,OK,Workers 1-97,text,TRUE,,2466,452,11,11,http://localhost/logout,285,0,0,,,,,,
1.65546E+12,0,Debug Sampler,200,OK,Workers 1-97,text,TRUE,,480,0,11,11,null,0,0,0,,,,,,
1.65546E+12,303,logout,200,OK,Workers 1-67,text,TRUE,,2464,461,10,10,http://localhost/logout,303,0,0,,,,,,
1.65546E+12,0,Debug Sampler,200,OK,Workers 1-67,text,TRUE,,480,0,10,10,null,0,0,0,,,,,,
1.65546E+12,337,logout,200,OK,Workers 1-86,text,TRUE,,2464,470,9,9,http://localhost/logout,337,0,0,,,,,,
1.65546E+12,0,Debug Sampler,200,OK,Workers 1-86,text,TRUE,,480,0,9,9,null,0,0,0,,,,,,
1.65546E+12,355,logout,200,OK,Workers 1-142,text,TRUE,,2466,479,8,8,http://localhost/logout,354,0,1,,,,,,
1.65546E+12,0,Debug Sampler,200,OK,Workers 1-142,text,TRUE,,481,0,8,8,null,0,0,0,,,,,,
1.65546E+12,47,logout,200,OK,Workers 1-9,text,TRUE,,2465,467,7,7,http://localhost/logout,47,0,0,,,,,,
1.65546E+12,0,Debug Sampler,200,OK,Workers 1-9,text,TRUE,,477,0,7,7,null,0,0,0,,,,,,
1.65546E+12,68,logout,200,OK,Workers 1-109,text,TRUE,,2465,449,6,6,http://localhost/logout,67,0,0,,,,,,
1.65546E+12,0,Debug Sampler,200,OK,Workers 1-109,text,TRUE,,481,0,6,6,null,0,0,0,,,,,,
1.65546E+12,88,logout,200,OK,Workers 1-145,text,TRUE,,2464,461,5,5,http://localhost/logout,88,0,1,,,,,,
1.65546E+12,0,Debug Sampler,200,OK,Workers 1-145,text,TRUE,,482,0,5,5,null,0,0,0,,,,,,
1.65546E+12,121,logout,200,OK,Workers 1-136,text,TRUE,,2465,452,4,4,http://localhost/logout,121,0,1,,,,,,
1.65546E+12,0,Debug Sampler,200,OK,Workers 1-136,text,TRUE,,482,0,4,4,null,0,0,0,,,,,,
1.65546E+12,135,logout,200,OK,Workers 1-137,text,TRUE,,2465,464,3,3,http://localhost/logout,135,0,1,,,,,,
1.65546E+12,0,Debug Sampler,200,OK,Workers 1-137,text,TRUE,,482,0,3,3,null,0,0,0,,,,,,
1.65546E+12,12976,Purchase Items,200,OK,Workers 1-81,text,TRUE,,3682,1975,2,2,http://localhost/purchaseCart,12975,0,0,,,,,,
1.65546E+12,10,logout,200,OK,Workers 1-81,text,TRUE,,2466,476,2,2,http://localhost/logout,10,0,1,,,,,,
1.65546E+12,0,Debug Sampler,200,OK,Workers 1-81,text,TRUE,,480,0,2,2,null,0,0,0,,,,,,
1.65546E+12,18612,Purchase Items,200,OK,Workers 1-33,text,TRUE,,3680,2071,1,1,http://localhost/purchaseCart,18612,0,1,,,,,,
1.65546E+12,10,logout,200,OK,Workers 1-33,text,TRUE,,2466,479,1,1,http://localhost/logout,10,0,1,,,,,,
1.65546E+12,0,Debug Sampler,200,OK,Workers 1-33,text,TRUE,,479,0,1,1,null,0,0,0,,,,,,
